Name,Description
Karlaaku,
Ngajumaya,"Better name for the language would be Marlpamaya (human language) rather than 'Ngajumaya"" (I language) (Doug Marmion, pc)"
Ngarinyin,
Worla,
Yapurarra,
Andajin,
Ngarlawangga,name changed from Ngalawangka per Doug Marmion
Ngarluma,
Martuthunira,
Nhuwala,
Palyku,
Panyjima,
Kurrama,
Nyamal,
Kariyarra,
Jurruru,
Wanamara,
Mangala,
Mayi-Kulan,
Ngawun,
Mayi-Yapi,
Mayi-Kutuna,
Ayapathu,
Mayi-Thakurti,
Kuuku Yani,
Kuuku-Ya'u,
Kugu Nganhcara,
Kaanju,
Wik Mungkan,
Badjiri,
Wadjabangayi,
Gungabula,
Gunggari,
Bidjara,
Yirandhali,
Guwamu,
Gunya,
Muruwari,
Margany,
Ritharrngu,
Nganyaywana,
Goreng,
Minang,
Nyunga,
Wudjari,
Parrintyi,
Kurnu,
Pantyikali,
Southern Paakantyi,
Flinders Island,
Guugu-Yimidhirr,
Mbabaram,
Barrow Point,
Kuku Thaypan,
Ngalakgan,
Rembarrnga,
Mbeiwum,
Yatay,
Umpila,
Yinwum,
Yadhaykenu,
Linngithigh,
Luthigh,
Anguthimri,
Aritinngithigh,
Muthanthi,
Uradhi,
Yupngayth,
Ndra'ngith,
Alngith,
Paaruntyi,
Malak Malak,
Kukatja,
Yulparija,
Nyaki Nyaki,
Nganakarti,
Balardung,
Wajuk,
Kukatj,
Amangu,
Wuthathi,
Mpalityan,Changed from Mpalitjanh
Mpakwithi,
Atampaya,
Angkamuthi,
Awngthim,
Gudang,
Luthigh,
Duungidjawu,
WakaWaka,
Guweng,
Batyala,
GoorengGooreng,
Gubbi Gubbi,
Yangman,
Wardaman,
Warluwarra,
Dagoman,
Bularnu,
Yanyuwa,
Yindjilandji,
Wakaya,
Warumungu,
Wirangu,
Guyani,
Guwar,
Nunukal,"Related to yagara, given by Tindale as the name of the Northern group of Stradbroke Island.
(changed from Nukunul to Nunukal per Bill Pascoe)"
Yagara,
Turrbul,
Janday,"Djindewal, Jandai"
Umbugarla,
Ngaduk,"In Birch's 2006 map, Ngaduk is also shown on the Western side of the river, north of Gonbudj."
Ngomburr,
Bukurnidja,
Wuli Wuli,
Gonbudj,
Bayali,
Barunggam,
Pinjarup,
Wiilman,
Wardandi,
Bibbulman,
Lardil,
Kaniyang,
Kayardild,
Yukulta,
Ngadjuri,
Minkin,
Parnkala,
Nauo,
Adnyamathanha,
Nukunu,
Narrungga,
Kaurna,
Wagaman,
Mbara,
Ngan'gityemerri,
Murrinh-patha,
Kuthant,
Mirniny,Spelling of the language name changed from Mirrniny per Doug Marmion (and back per Sue Hanson).
Kurtjar,
Uw-Olgol,
Kuuk-Narr,
Koko Bera,
Yir Yoront,
Malyangapa,
Kuku Yalanji,
Wadikali,
Yardliyawarra,
Yidiny,boundaries per Dixon grammar
Djabugay,
YortaYorta,
YabulaYabula,
Ngarigu,
Thawa,
Dharawal,
Ngunawal,
Dhurga,
Gandangara,
Djirringany,
Nyulnyul,
Kalaw Kawaw Ya,
Nimanburu,
Jawi,
Bardi,
Jabirrjabirr,
Umiida,
Unggumi,
Yawijibaya,
Worrorra,
Kwini,
Unggarranggu,
Gamberre,
Wunambal,
Muluriji,
Jardwadjali,
Tjapwurrung,
Djadjawurung,
MathiMathi,
Nari Nari,
WathiWathi,"Wadi wadi (Not to be confused with Wodi Wodi, which is a Yuin-Kuri language)"
Warrnambool,
Wotjobaluk,
Wemba Wemba,
Ngaliwuru,
Yari-Yari,
Jaminjung,
Nungali,
Kala Lagaw Ya,
Mabuiag,
Magati Ke,
Marramaninyshi,
Marri Ammu,
Emmi,also known as Maranunggu
Marringarr,
Giyug,
Ngalia,
Warnman,
Pitjantjatjara,
Pintupi-Luritja,
Yankunytjatjara,
Kartujarra,
Ladji Ladji,
Putijarra,
Yiman,
Yangga,
Ganulu,
Barada,
Yilba,
Gangulu,
Biri,
Kokatha,
Antakirinya,
Matngele,
Kamu,
Boonwurrung,
Daungwurrung,
Ngarnka,
Woiwurrung,
Djirbal,
Guynmal,"See breen 09, 6.6, issues with Tindale vs Roth. name is doubtful, can't find in current sources"
Warrgamay,
Nyawaygi,
Wubuy,
Wulguru,
Ngandi,
Anindilyakwa,
Wirri,
Garingbal,
Barna,
Yambina,
Wadjigu,
Gabalbara,
Wangan,
Bunuba,
Gooniyandi,
Dhuwal,
Dhuwala,
Dhay'yi,
Wiradjuri,
Ngiyambaa,
Yuwaliyaay,
Gamilaraay,
Yuwaalaraay,
Limilngan,
Wailwan,Treated by Donaldson as the Northern dialect of Ngiyambaa
Dharumbal,Distant sister to Mbabaram in BBA 2018
Batjjamalh,
Alyawarr,
Anmatyerr,
Ayerreyenge,
Antekerrepenhe,
Lower Aranda,
Kaytetye,
Western Arrarnta,
Central Arrernte,
Eastern Arrernte,
Yugambal,
Bigambal,
Purduna,
Pinikura,
Thalanyji,
Payungu,
Pitta-Pitta,
Mayawali,
Wangkayutyuru,
Mithaka,
Karuwali,
Karangura,
Wangkangurru,
Garlali,
Yandruwandha,
Yanda,
Guwa,
Mawng,
Iwaidja,
Marrgu,
Wurrugu,
Ilgar,
Garig,
Dharuk,
Darrkinyung,
Thanggatti,
Eora,spelling per Wafer and Lissarrague
Miriwoong,
Gija,
Yalarnnga,
Gajirrebeng,
Thiin,
Kalkatungu,
Garrwa,
Waanyi,
Erre,
Mengerrdji,
Gumbaynggir,
Urningangk,
Baanbay,
Yaygirr,
Bininj Kunwok,
Kunbarlang,
Wulwulam,
Dalabon,
Jawoyn,
Uwinymil,
Amurdak,
Warray,
Gudanji,
Binbinka,
Jingulu,
Wambaya,
Kurnai,
Bidawal,
Muk-Thang,
Thangguai,
Dhudhuroa,
Nulit,
Yawuru,
Waywurru,
Jukun,
Nyikina,
Ngumbarl,
Warrwa,
Warriyangga,
Tharrgari,
Gudjal,
Alawa,
Yagalingu,
Miyan,
Dungaloo,
Giya,
Yiningayi,
Yuru,
Yugul,
Bindal,
Marra,
Warndarrang,
Nyangumarta,
Karajarri,
Larrakia,
Wulna,
Keramin,"Also Kureinji, Yari-Yari"
Ngarkat,
Ngintait,"Also Ngindadj, Yuu-Yuu given as a reference name in Wafer and Lissarague)"
YithaYitha,
Ngarrindjeri,
Peramangk,
Ngaiawang,
Yaraldi,
Ndjebbana,also called Gunavidji
Raminyeri,
Gurrgoni,
Nakara,
Jiwarli,
Burarra,
Kalaamaya,
Tharrayi,"tindale's Tedei, per Doug Marmion. Probably the same as Thirrily (Southern Yingkarta?)"
Badimaya,
Nhanda,
Thaagurda,"Language mentioned in Doug Marmion's honour's thesis; not otherwise attested but seems to be a separate language"
Wajarri,
Kolakngat,Kolakngat
Bunganditj,
Birrpayi,
Wathawurrung,
Hunter River Lake Macquarie,
Worimi,
Aghu Tharnggala,
Katthang,
Lamalama,
Nhirrpi,
Pirlatapa,
Diyari,
Kungkarri,
Yawarrawarrka,
Pirriya,
Yarluyandi,
Ngamini,
Ngantangarra,
Wangkumara,
Thirarri,
Arabana,
Malkana,
Punthamara,
Yingkarta,
Wagiman,
Tiwi,
Gaagudju,
Kungarakany,
Warungu,
Mangarrayi,
Djinba,
Gugu Badhun,
Yan-nhangu,
Dhangu,
Djangu,
Golpa,
Ngardi,
Djinang,
Manjiljarra,
Wangkajunga,
Yindjibarndi,
Ngarla,
Karranga,
Yinhawangka,
Bilinarra,
Walmajarri,
Warlpiri,
Warlmanpa,
Wurlayi,
Ngarinyman,
Mudburra,
Gurindji,
Malngin,
Jaru,
Jiwarliny,
Wanyjirra,
Garandi,
Barranbinya,
Southern Anaiwan,
Kokiny,
Ribh,
Olkola,
Gugu Djangun,
Wik-Alkan,
Wik-Ngatharr,
Wik-Paacha,
Wik-Ep,
Wik-Ngathan,
Wik Me'anh,
Pakanh,
Kuuk Yak,
Kuuk Thaayorre,
Yintyingka,
Umpithamu,
Umbuygamu,
Rimanggudinhma,
Walangama,
Agwamin,
Takalak,
Athima,
Ikarranggal,
Uw Oykangand,
Ogunyjan,
Koko-Babángk,
Menthe,
Yunggurr,
Pungupungu,
Maranunggu,
Tyerraty,
Ngan'gikurunggurr,
Marrithiel,
Marri Tjevin,
Marri Dan,
Winjarumi,
Nyaanyatjarra,
Tjupan,
Ngaanyatjarra,
Kuwarra,
Cundeelee Wangka,
Yetimarala,
Wapabara,
Ara-ara,
Gara-gara,
Yandjibara,
Dharawala,
Ngaro,
Wilyakali,
Paakantyi,
Omeo language,
Yu-Yu,
Dharumba,
Copmanhurst Langugae,
Gold Coast Pimpana,
Condamine- Upper-Clarence,
Middle Clarence,
Lower Richmond,
Tweed-Albert,
Guyambal,
Gugu Wakura,
Koogobatha,
Awu Alaya,
Ogh-Alungul,
Koko Dhawa,
Ogh Awarrangg,
Agu Aloja,
Ogh-Angkula,
Wik Iyanh,
Uw El,
Yirrk Thangalkl,
Southern Kaantju,
