name,fid,tessellate,extrude,visibility,layer,path,description,family,dialect,auxiliary_storage_labeling_show
Karlaaku,1,1,0,-1,NatjuCluster,/Users/i2/Downloads/Polygon Coordinates for Australian languages 3.0 1.kml|layername=NatjuCluster,,,,
Ngajumaya,2,1,0,-1,NatjuCluster,/Users/i2/Downloads/Polygon Coordinates for Australian languages 3.0 1.kml|layername=NatjuCluster,"Better name for the language would be Marlpamaya (human language) rather than 'Ngajumaya"" (I language) (Doug Marmion, pc)",,,
Ngarinyin,3,1,0,-1,Ngarinyinic,/Users/i2/Downloads/Polygon Coordinates for Australian languages 3.0 1.kml|layername=Ngarinyinic,,NonPNy,,
Worla,4,1,0,-1,Ngarinyinic,/Users/i2/Downloads/Polygon Coordinates for Australian languages 3.0 1.kml|layername=Ngarinyinic,,NonPNy,,
Yapurarra,5,1,0,-1,Ngayarta,/Users/i2/Downloads/Polygon Coordinates for Australian languages 3.0 1.kml|layername=Ngayarta,,,,
Andajin,6,1,0,-1,Ngarinyinic,/Users/i2/Downloads/Polygon Coordinates for Australian languages 3.0 1.kml|layername=Ngarinyinic,,NonPNy,,
Ngarlawangga,7,1,0,-1,Ngayarta,/Users/i2/Downloads/Polygon Coordinates for Australian languages 3.0 1.kml|layername=Ngayarta,name changed from Ngalawangka per Doug Marmion,,,
Ngarluma,8,1,0,-1,Ngayarta,/Users/i2/Downloads/Polygon Coordinates for Australian languages 3.0 1.kml|layername=Ngayarta,,,,
Martuthunira,9,1,0,-1,Ngayarta,/Users/i2/Downloads/Polygon Coordinates for Australian languages 3.0 1.kml|layername=Ngayarta,,,,
Nhuwala,10,1,0,-1,Ngayarta,/Users/i2/Downloads/Polygon Coordinates for Australian languages 3.0 1.kml|layername=Ngayarta,,,,
Palyku,11,1,0,-1,Ngayarta,/Users/i2/Downloads/Polygon Coordinates for Australian languages 3.0 1.kml|layername=Ngayarta,,,,
Panyjima,12,1,0,-1,Ngayarta,/Users/i2/Downloads/Polygon Coordinates for Australian languages 3.0 1.kml|layername=Ngayarta,,,,
Kurrama,13,1,0,-1,Ngayarta,/Users/i2/Downloads/Polygon Coordinates for Australian languages 3.0 1.kml|layername=Ngayarta,,,,
Nyamal,14,1,0,-1,Ngayarta,/Users/i2/Downloads/Polygon Coordinates for Australian languages 3.0 1.kml|layername=Ngayarta,,,,
Kariyarra,15,1,0,-1,Ngayarta,/Users/i2/Downloads/Polygon Coordinates for Australian languages 3.0 1.kml|layername=Ngayarta,,,,
Jurruru,16,1,0,-1,Ngayarta,/Users/i2/Downloads/Polygon Coordinates for Australian languages 3.0 1.kml|layername=Ngayarta,,,,
Wanamara,17,1,0,-1,Mayi,/Users/i2/Downloads/Polygon Coordinates for Australian languages 3.0 1.kml|layername=Mayi,,,,
Mangala,18,1,0,-1,Marrngu,/Users/i2/Downloads/Polygon Coordinates for Australian languages 3.0 1.kml|layername=Marrngu,,,,
Mayi-Kulan,19,1,0,-1,Mayi,/Users/i2/Downloads/Polygon Coordinates for Australian languages 3.0 1.kml|layername=Mayi,,,,
Ngawun,20,1,0,-1,Mayi,/Users/i2/Downloads/Polygon Coordinates for Australian languages 3.0 1.kml|layername=Mayi,,,,
Mayi-Yapi,21,1,0,-1,Mayi,/Users/i2/Downloads/Polygon Coordinates for Australian languages 3.0 1.kml|layername=Mayi,,,,
Mayi-Kutuna,22,1,0,-1,Mayi,/Users/i2/Downloads/Polygon Coordinates for Australian languages 3.0 1.kml|layername=Mayi,,,,
Ayapathu,23,1,0,-1,Middle,/Users/i2/Downloads/Polygon Coordinates for Australian languages 3.0 1.kml|layername=Middle,,,,
Mayi-Thakurti,24,1,0,-1,Mayi,/Users/i2/Downloads/Polygon Coordinates for Australian languages 3.0 1.kml|layername=Mayi,,,,
Kuuku Yani,25,1,0,-1,Middle,/Users/i2/Downloads/Polygon Coordinates for Australian languages 3.0 1.kml|layername=Middle,,,,
Kuuku-Ya'u,27,1,0,-1,Middle,/Users/i2/Downloads/Polygon Coordinates for Australian languages 3.0 1.kml|layername=Middle,,,,
Kugu Nganhcara,29,1,0,-1,Middle,/Users/i2/Downloads/Polygon Coordinates for Australian languages 3.0 1.kml|layername=Middle,,,,
Kaanju,30,1,0,-1,Middle,/Users/i2/Downloads/Polygon Coordinates for Australian languages 3.0 1.kml|layername=Middle,,,,
Wik Mungkan,31,1,0,-1,Middle,/Users/i2/Downloads/Polygon Coordinates for Australian languages 3.0 1.kml|layername=Middle,,,,
Badjiri,33,1,0,-1,South Maric,/Users/i2/Downloads/Polygon Coordinates for Australian languages 3.0 1.kml|layername=South Maric,,,,
Wadjabangayi,34,1,0,-1,South Maric,/Users/i2/Downloads/Polygon Coordinates for Australian languages 3.0 1.kml|layername=South Maric,,,,
Gungabula,35,1,0,-1,South Maric,/Users/i2/Downloads/Polygon Coordinates for Australian languages 3.0 1.kml|layername=South Maric,,,,
Gunggari,36,1,0,-1,South Maric,/Users/i2/Downloads/Polygon Coordinates for Australian languages 3.0 1.kml|layername=South Maric,,,,
Bidjara,37,1,0,-1,South Maric,/Users/i2/Downloads/Polygon Coordinates for Australian languages 3.0 1.kml|layername=South Maric,,,,
Yirandhali,38,1,0,-1,South Maric,/Users/i2/Downloads/Polygon Coordinates for Australian languages 3.0 1.kml|layername=South Maric,,,,
Guwamu,39,1,0,-1,South Maric,/Users/i2/Downloads/Polygon Coordinates for Australian languages 3.0 1.kml|layername=South Maric,,,,
Gunya,40,1,0,-1,South Maric,/Users/i2/Downloads/Polygon Coordinates for Australian languages 3.0 1.kml|layername=South Maric,,,,
Muruwari,41,1,0,-1,SouthEastern,/Users/i2/Downloads/Polygon Coordinates for Australian languages 3.0 1.kml|layername=SouthEastern,,,,
Margany,42,1,0,-1,South Maric,/Users/i2/Downloads/Polygon Coordinates for Australian languages 3.0 1.kml|layername=South Maric,,,,
Ritharrngu,43,1,0,-1,Southern,/Users/i2/Downloads/Polygon Coordinates for Australian languages 3.0 1.kml|layername=Southern,,,,
Nganyaywana,44,1,0,-1,Anaiwan,/Users/i2/Downloads/Polygon Coordinates for Australian languages 3.0 1.kml|layername=SouthEastern,,,,
Goreng,45,1,0,-1,Southern (#2),/Users/i2/Downloads/Polygon Coordinates for Australian languages 3.0 1.kml|layername=Southern (#2),,,y,
Minang,46,1,0,-1,Southern (#2),/Users/i2/Downloads/Polygon Coordinates for Australian languages 3.0 1.kml|layername=Southern (#2),,,y,
Nyunga,47,1,0,-1,Southern (#2),/Users/i2/Downloads/Polygon Coordinates for Australian languages 3.0 1.kml|layername=Southern (#2),,,y,
Wudjari,48,1,0,-1,Southern (#2),/Users/i2/Downloads/Polygon Coordinates for Australian languages 3.0 1.kml|layername=Southern (#2),,,,
Parrintyi,51,1,0,-1,Paakantyi,/Users/i2/Downloads/Polygon Coordinates for Australian languages 3.0 1.kml|layername=Paakintyi,,,y,
Kurnu,52,1,0,-1,Paakantyi,/Users/i2/Downloads/Polygon Coordinates for Australian languages 3.0 1.kml|layername=Paakintyi,,,,
Pantyikali,53,1,0,-1,Paakantyi,/Users/i2/Downloads/Polygon Coordinates for Australian languages 3.0 1.kml|layername=Paakintyi,,,,
Southern Paakantyi,54,1,0,-1,Paakantyi,/Users/i2/Downloads/Polygon Coordinates for Australian languages 3.0 1.kml|layername=Paakintyi,,,y,
Flinders Island,55,1,0,-1,Paman,/Users/i2/Downloads/Polygon Coordinates for Australian languages 3.0 1.kml|layername=Paman,,,,
Guugu-Yimidhirr,56,1,0,-1,Paman,/Users/i2/Downloads/Polygon Coordinates for Australian languages 3.0 1.kml|layername=Paman,,,,
Mbabaram,57,1,0,-1,Paman,/Users/i2/Downloads/Polygon Coordinates for Australian languages 3.0 1.kml|layername=Paman,,,,
Barrow Point,58,1,0,-1,Paman,/Users/i2/Downloads/Polygon Coordinates for Australian languages 3.0 1.kml|layername=Paman,,,,
Kuku Thaypan,60,1,0,-1,Rarmul Paman,/Users/i2/Downloads/Polygon Coordinates for Australian languages 3.0 1.kml|layername=Rarmul Paman,,,,
Ngalakgan,61,1,0,-1,Rembarrnga-Ngalakgan,/Users/i2/Downloads/Polygon Coordinates for Australian languages 3.0 1.kml|layername=Rembarrnga-Ngalakgan,,NonPNy,,
Rembarrnga,64,1,0,-1,Rembarrnga-Ngalakgan,/Users/i2/Downloads/Polygon Coordinates for Australian languages 3.0 1.kml|layername=Rembarrnga-Ngalakgan,,NonPNy,,
Mbeiwum,65,1,0,-1,Northern (#5),/Users/i2/Downloads/Polygon Coordinates for Australian languages 3.0 1.kml|layername=Northern (#5),,,,
Yatay,66,1,0,-1,Northern (#5),/Users/i2/Downloads/Polygon Coordinates for Australian languages 3.0 1.kml|layername=Northern (#5),,,,
Umpila,67,1,0,-1,Northern (#5),/Users/i2/Downloads/Polygon Coordinates for Australian languages 3.0 1.kml|layername=Northern (#5),,,,
Yinwum,68,1,0,-1,Northern (#5),/Users/i2/Downloads/Polygon Coordinates for Australian languages 3.0 1.kml|layername=Northern (#5),,,,
Yadhaykenu,69,1,0,-1,Northern (#5),/Users/i2/Downloads/Polygon Coordinates for Australian languages 3.0 1.kml|layername=Northern (#5),,,,
Linngithigh,70,1,0,-1,Northern (#5),/Users/i2/Downloads/Polygon Coordinates for Australian languages 3.0 1.kml|layername=Northern (#5),,,,
Luthigh,71,1,0,-1,Northern (#5),/Users/i2/Downloads/Polygon Coordinates for Australian languages 3.0 1.kml|layername=Northern (#5),,,,
Anguthimri,72,1,0,-1,Northern (#5),/Users/i2/Downloads/Polygon Coordinates for Australian languages 3.0 1.kml|layername=Northern (#5),,,,
Aritinngithigh,73,1,0,-1,Northern (#5),/Users/i2/Downloads/Polygon Coordinates for Australian languages 3.0 1.kml|layername=Northern (#5),,,,
Muthanthi,74,1,0,-1,Northern (#5),/Users/i2/Downloads/Polygon Coordinates for Australian languages 3.0 1.kml|layername=Northern (#5),,,,
Uradhi,75,1,0,-1,Northern (#5),/Users/i2/Downloads/Polygon Coordinates for Australian languages 3.0 1.kml|layername=Northern (#5),,,,
Yupngayth,76,1,0,-1,Northern (#5),/Users/i2/Downloads/Polygon Coordinates for Australian languages 3.0 1.kml|layername=Northern (#5),,,,
Ndra'ngith,77,1,0,-1,Northern (#5),/Users/i2/Downloads/Polygon Coordinates for Australian languages 3.0 1.kml|layername=Northern (#5),,,,
Alngith,78,1,0,-1,Northern (#5),/Users/i2/Downloads/Polygon Coordinates for Australian languages 3.0 1.kml|layername=Northern (#5),,,,
Paaruntyi,79,1,0,-1,Paakantyi,/Users/i2/Downloads/Polygon Coordinates for Australian languages 3.0 1.kml|layername=Paakintyi,,,,
Malak Malak,80,1,0,-1,Northern Daly,/Users/i2/Downloads/Polygon Coordinates for Australian languages 3.0 1.kml|layername=Northern Daly,,,,
Kukatja,81,1,0,-1,Northern (#2),/Users/i2/Downloads/Polygon Coordinates for Australian languages 3.0 1.kml|layername=Northern (#2),,,y,
Yulparija,82,1,0,-1,Northern (#2),/Users/i2/Downloads/Polygon Coordinates for Australian languages 3.0 1.kml|layername=Northern (#2),,,,
Nyaki Nyaki,83,1,0,-1,Northern (#3),/Users/i2/Downloads/Polygon Coordinates for Australian languages 3.0 1.kml|layername=Northern (#3),,,y,
Nganakarti,84,1,0,-1,Northern (#3),/Users/i2/Downloads/Polygon Coordinates for Australian languages 3.0 1.kml|layername=Northern (#3),,,y,
Balardung,85,1,0,-1,Northern (#3),/Users/i2/Downloads/Polygon Coordinates for Australian languages 3.0 1.kml|layername=Northern (#3),,,y,
Wajuk,86,1,0,-1,Northern (#3),/Users/i2/Downloads/Polygon Coordinates for Australian languages 3.0 1.kml|layername=Northern (#3),,,,
Kukatj,87,1,0,-1,Northern (#4),/Users/i2/Downloads/Polygon Coordinates for Australian languages 3.0 1.kml|layername=Northern (#4),,,,
Amangu,88,1,0,-1,Northern (#3),/Users/i2/Downloads/Polygon Coordinates for Australian languages 3.0 1.kml|layername=Northern (#3),,,y,
Wuthathi,89,1,0,-1,Northern (#5),/Users/i2/Downloads/Polygon Coordinates for Australian languages 3.0 1.kml|layername=Northern (#5),,,,
Mpalityan,90,1,0,-1,Northern (#5),/Users/i2/Downloads/Polygon Coordinates for Australian languages 3.0 1.kml|layername=Northern (#5),Changed from Mpalitjanh,,,
Mpakwithi,91,1,0,-1,Northern (#5),/Users/i2/Downloads/Polygon Coordinates for Australian languages 3.0 1.kml|layername=Northern (#5),,,,
Atampaya,92,1,0,-1,Northern (#5),/Users/i2/Downloads/Polygon Coordinates for Australian languages 3.0 1.kml|layername=Northern (#5),,,,
Angkamuthi,93,1,0,-1,Northern (#5),/Users/i2/Downloads/Polygon Coordinates for Australian languages 3.0 1.kml|layername=Northern (#5),,,,
Awngthim,94,1,0,-1,Northern (#5),/Users/i2/Downloads/Polygon Coordinates for Australian languages 3.0 1.kml|layername=Northern (#5),,,,
Gudang,95,1,0,-1,Northern (#5),/Users/i2/Downloads/Polygon Coordinates for Australian languages 3.0 1.kml|layername=Northern (#5),,,,
Luthigh,96,1,0,-1,Northern (#5),/Users/i2/Downloads/Polygon Coordinates for Australian languages 3.0 1.kml|layername=Northern (#5),,,,
Duungidjawu,97,1,0,-1,Waka-Kabi,/Users/i2/Downloads/Polygon Coordinates for Australian languages 3.0 1.kml|layername=Waka-Kabi,,,,
WakaWaka,98,1,0,-1,Waka-Kabi,/Users/i2/Downloads/Polygon Coordinates for Australian languages 3.0 1.kml|layername=Waka-Kabi,,,,
Guweng,99,1,0,-1,Waka-Kabi,/Users/i2/Downloads/Polygon Coordinates for Australian languages 3.0 1.kml|layername=Waka-Kabi,,,,
Batyala,100,1,0,-1,Waka-Kabi,/Users/i2/Downloads/Polygon Coordinates for Australian languages 3.0 1.kml|layername=Waka-Kabi,,,,
GoorengGooreng,101,1,0,-1,Waka-Kabi,/Users/i2/Downloads/Polygon Coordinates for Australian languages 3.0 1.kml|layername=Waka-Kabi,,,,
Gubbi Gubbi,102,1,0,-1,Waka-Kabi,/Users/i2/Downloads/Polygon Coordinates for Australian languages 3.0 1.kml|layername=Waka-Kabi,,,,
Yangman,103,1,0,-1,Wardaman,/Users/i2/Downloads/Polygon Coordinates for Australian languages 3.0 1.kml|layername=Wardaman,,NonPNy,,
Wardaman,104,1,0,-1,Wardaman,/Users/i2/Downloads/Polygon Coordinates for Australian languages 3.0 1.kml|layername=Wardaman,,NonPNy,,
Warluwarra,105,1,0,-1,Warluwarric,/Users/i2/Downloads/Polygon Coordinates for Australian languages 3.0 1.kml|layername=Warluwarric,,,,
Dagoman,106,1,0,-1,Wardaman,/Users/i2/Downloads/Polygon Coordinates for Australian languages 3.0 1.kml|layername=Wardaman,,NonPNy,y,
Bularnu,107,1,0,-1,Warluwarric,/Users/i2/Downloads/Polygon Coordinates for Australian languages 3.0 1.kml|layername=Warluwarric,,,,
Yanyuwa,108,1,0,-1,Warluwarric,/Users/i2/Downloads/Polygon Coordinates for Australian languages 3.0 1.kml|layername=Warluwarric,,,,
Yindjilandji,109,1,0,-1,Warluwarric,/Users/i2/Downloads/Polygon Coordinates for Australian languages 3.0 1.kml|layername=Warluwarric,,,,
Wakaya,110,1,0,-1,Warluwarric,/Users/i2/Downloads/Polygon Coordinates for Australian languages 3.0 1.kml|layername=Warluwarric,,,,
Warumungu,111,1,0,-1,Warumungic,/Users/i2/Downloads/Polygon Coordinates for Australian languages 3.0 1.kml|layername=Western,,,,
Wirangu,113,1,0,-1,Thura-Yura,/Users/i2/Downloads/Polygon Coordinates for Australian languages 3.0 1.kml|layername=Thura-Yura,,,,
Guyani,114,1,0,-1,Thura-Yura,/Users/i2/Downloads/Polygon Coordinates for Australian languages 3.0 1.kml|layername=Thura-Yura,,,,
Guwar,115,1,0,-1,Turubulic,/Users/i2/Downloads/Polygon Coordinates for Australian languages 3.0 1.kml|layername=Turubulic,,,,
Nunukal,116,1,0,-1,Turubulic,/Users/i2/Downloads/Polygon Coordinates for Australian languages 3.0 1.kml|layername=Turubulic,"Related to yagara, given by Tindale as the name of the Northern group of Stradbroke Island. (changed from Nukunul to Nunukal per Bill Pascoe)",,,
Yagara,117,1,0,-1,Turubulic,/Users/i2/Downloads/Polygon Coordinates for Australian languages 3.0 1.kml|layername=Turubulic,,,,
Turrbul,119,1,0,-1,Turubulic,/Users/i2/Downloads/Polygon Coordinates for Australian languages 3.0 1.kml|layername=Turubulic,,,,
Janday,120,1,0,-1,Turubulic,/Users/i2/Downloads/Polygon Coordinates for Australian languages 3.0 1.kml|layername=Turubulic,"Djindewal, Jandai",,,
Umbugarla,121,1,0,-1,Umbugarlan,/Users/i2/Downloads/Polygon Coordinates for Australian languages 3.0 1.kml|layername=Umbugarlan,,NonPNy,,
Ngaduk,122,1,0,-1,Umbugarlan,/Users/i2/Downloads/Polygon Coordinates for Australian languages 3.0 1.kml|layername=Umbugarlan,"In Birch's 2006 map, Ngaduk is also shown on the Western side of the river, north of Gonbudj.",NonPNy,,
Ngomburr,123,1,0,-1,Umbugarlan,/Users/i2/Downloads/Polygon Coordinates for Australian languages 3.0 1.kml|layername=Umbugarlan,,NonPNy,,
Bukurnidja,124,1,0,-1,Umbugarlan,/Users/i2/Downloads/Polygon Coordinates for Australian languages 3.0 1.kml|layername=Umbugarlan,,NonPNy,,
Wuli Wuli,125,1,0,-1,Waka-Kabi,/Users/i2/Downloads/Polygon Coordinates for Australian languages 3.0 1.kml|layername=Waka-Kabi,,,,
Gonbudj,126,1,0,-1,Umbugarlan,/Users/i2/Downloads/Polygon Coordinates for Australian languages 3.0 1.kml|layername=Umbugarlan,,NonPNy,,
Bayali,127,1,0,-1,Waka-Kabi,/Users/i2/Downloads/Polygon Coordinates for Australian languages 3.0 1.kml|layername=Waka-Kabi,,,,
Barunggam,128,1,0,-1,Waka-Kabi,/Users/i2/Downloads/Polygon Coordinates for Australian languages 3.0 1.kml|layername=Waka-Kabi,,,,
Pinjarup,129,1,0,-1,Southwestern,/Users/i2/Downloads/Polygon Coordinates for Australian languages 3.0 1.kml|layername=Southwestern,,,y,
Wiilman,130,1,0,-1,Southwestern,/Users/i2/Downloads/Polygon Coordinates for Australian languages 3.0 1.kml|layername=Southwestern,,,y,
Wardandi,131,1,0,-1,Southwestern,/Users/i2/Downloads/Polygon Coordinates for Australian languages 3.0 1.kml|layername=Southwestern,,,,
Bibbulman,132,1,0,-1,Southwestern,/Users/i2/Downloads/Polygon Coordinates for Australian languages 3.0 1.kml|layername=Southwestern,,,y,
Lardil,133,1,0,-1,Tangkic,/Users/i2/Downloads/Polygon Coordinates for Australian languages 3.0 1.kml|layername=Tangkic,,NonPNy,,
Kaniyang,134,1,0,-1,Southwestern,/Users/i2/Downloads/Polygon Coordinates for Australian languages 3.0 1.kml|layername=Southwestern,,,y,
Kayardild,135,1,0,-1,Tangkic,/Users/i2/Downloads/Polygon Coordinates for Australian languages 3.0 1.kml|layername=Tangkic,,NonPNy,,
Yukulta,136,1,0,-1,Tangkic,/Users/i2/Downloads/Polygon Coordinates for Australian languages 3.0 1.kml|layername=Tangkic,,NonPNy,,
Ngadjuri,137,1,0,-1,Thura-Yura,/Users/i2/Downloads/Polygon Coordinates for Australian languages 3.0 1.kml|layername=Thura-Yura,,,,
Minkin,138,1,0,-1,Tangkic,/Users/i2/Downloads/Polygon Coordinates for Australian languages 3.0 1.kml|layername=Tangkic,,NonPNy,,
Parnkala,139,1,0,-1,Thura-Yura,/Users/i2/Downloads/Polygon Coordinates for Australian languages 3.0 1.kml|layername=Thura-Yura,,,,
Nauo,140,1,0,-1,Thura-Yura,/Users/i2/Downloads/Polygon Coordinates for Australian languages 3.0 1.kml|layername=Thura-Yura,,,,
Adnyamathanha,141,1,0,-1,Thura-Yura,/Users/i2/Downloads/Polygon Coordinates for Australian languages 3.0 1.kml|layername=Thura-Yura,,,,
Nukunu,142,1,0,-1,Thura-Yura,/Users/i2/Downloads/Polygon Coordinates for Australian languages 3.0 1.kml|layername=Thura-Yura,,,,
Narrungga,143,1,0,-1,Thura-Yura,/Users/i2/Downloads/Polygon Coordinates for Australian languages 3.0 1.kml|layername=Thura-Yura,,,,
Kaurna,144,1,0,-1,Thura-Yura,/Users/i2/Downloads/Polygon Coordinates for Australian languages 3.0 1.kml|layername=Thura-Yura,,,,
Wagaman,146,1,0,-1,Southern (#3),/Users/i2/Downloads/Polygon Coordinates for Australian languages 3.0 1.kml|layername=Southern (#3),,,,
Mbara,148,1,0,-1,Southern (#3),/Users/i2/Downloads/Polygon Coordinates for Australian languages 3.0 1.kml|layername=Southern (#3),,,,
Ngan'gityemerri,149,1,0,-1,Southern Daly,/Users/i2/Downloads/Polygon Coordinates for Australian languages 3.0 1.kml|layername=Southern Daly,,NonPNy,,
Murrinh-patha,150,1,0,-1,Southern Daly,/Users/i2/Downloads/Polygon Coordinates for Australian languages 3.0 1.kml|layername=Southern Daly,,NonPNy,,1
Kuthant,151,1,0,-1,Southwest (#2),/Users/i2/Downloads/Polygon Coordinates for Australian languages 3.0 1.kml|layername=Southwest (#2),,,,
Mirniny,152,1,0,-1,Southwest,/Users/i2/Downloads/Polygon Coordinates for Australian languages 3.0 1.kml|layername=Southwest,Spelling of the language name changed from Mirrniny per Doug Marmion (and back per Sue Hanson).,,,
Kurtjar,153,1,0,-1,Southwest (#2),/Users/i2/Downloads/Polygon Coordinates for Australian languages 3.0 1.kml|layername=Southwest (#2),,,,
Uw-Olgol,154,1,0,-1,Southwest (#2),/Users/i2/Downloads/Polygon Coordinates for Australian languages 3.0 1.kml|layername=Southwest (#2),,,,
Kuuk-Narr,155,1,0,-1,Southwest (#2),/Users/i2/Downloads/Polygon Coordinates for Australian languages 3.0 1.kml|layername=Southwest (#2),,,,
Koko Bera,158,1,0,-1,Southwest (#2),/Users/i2/Downloads/Polygon Coordinates for Australian languages 3.0 1.kml|layername=Southwest (#2),,,,
Yir Yoront,160,1,0,-1,Southwest (#2),/Users/i2/Downloads/Polygon Coordinates for Australian languages 3.0 1.kml|layername=Southwest (#2),,,,
Malyangapa,161,1,0,-1,Yardli,/Users/i2/Downloads/Polygon Coordinates for Australian languages 3.0 1.kml|layername=Yardli,,,,
Kuku Yalanji,162,1,0,-1,Yalanjic,/Users/i2/Downloads/Polygon Coordinates for Australian languages 3.0 1.kml|layername=Yalanjic,,,,
Wadikali,163,1,0,-1,Yardli,/Users/i2/Downloads/Polygon Coordinates for Australian languages 3.0 1.kml|layername=Yardli,,,,
Yardliyawarra,164,1,0,-1,Yardli,/Users/i2/Downloads/Polygon Coordinates for Australian languages 3.0 1.kml|layername=Yardli,,,,
Yidiny,165,1,0,-1,Yidinyic,/Users/i2/Downloads/Polygon Coordinates for Australian languages 3.0 1.kml|layername=Yidinyic,boundaries per Dixon grammar,,,
Djabugay,166,1,0,-1,Yidinyic,/Users/i2/Downloads/Polygon Coordinates for Australian languages 3.0 1.kml|layername=Yidinyic,,,,
YortaYorta,167,1,0,-1,Yotayotic,/Users/i2/Downloads/Polygon Coordinates for Australian languages 3.0 1.kml|layername=Yotayotic,,,,
YabulaYabula,168,1,0,-1,Yotayotic,/Users/i2/Downloads/Polygon Coordinates for Australian languages 3.0 1.kml|layername=Yotayotic,,,,
Ngarigu,169,1,0,-1,Yuin,/Users/i2/Downloads/Polygon Coordinates for Australian languages 3.0 1.kml|layername=Yuin,,,,
Thawa,170,1,0,-1,Yuin,/Users/i2/Downloads/Polygon Coordinates for Australian languages 3.0 1.kml|layername=Yuin,,,,
Dharawal,171,1,0,-1,Yuin,/Users/i2/Downloads/Polygon Coordinates for Australian languages 3.0 1.kml|layername=Yuin,,,,
Ngunawal,172,1,0,-1,Yuin,/Users/i2/Downloads/Polygon Coordinates for Australian languages 3.0 1.kml|layername=Yuin,,,,
Dhurga,173,1,0,-1,Yuin,/Users/i2/Downloads/Polygon Coordinates for Australian languages 3.0 1.kml|layername=Yuin,,,,
Gandangara,174,1,0,-1,Yuin,/Users/i2/Downloads/Polygon Coordinates for Australian languages 3.0 1.kml|layername=Yuin,,,,
Djirringany,175,1,0,-1,Yuin,/Users/i2/Downloads/Polygon Coordinates for Australian languages 3.0 1.kml|layername=Yuin,,,,
Nyulnyul,176,1,0,-1,WesternNyulnyulan,/Users/i2/Downloads/Polygon Coordinates for Australian languages 3.0 1.kml|layername=WesternNyulnyulan,,NonPNy,,
Kalaw Kawaw Ya,177,1,0,-1,Western Torres,/Users/i2/Downloads/Polygon Coordinates for Australian languages 3.0 1.kml|layername=Western Torres,,,,
Nimanburu,178,1,0,-1,WesternNyulnyulan,/Users/i2/Downloads/Polygon Coordinates for Australian languages 3.0 1.kml|layername=WesternNyulnyulan,,NonPNy,,
Jawi,179,1,0,-1,WesternNyulnyulan,/Users/i2/Downloads/Polygon Coordinates for Australian languages 3.0 1.kml|layername=WesternNyulnyulan,,NonPNy,,
Bardi,180,1,0,-1,WesternNyulnyulan,/Users/i2/Downloads/Polygon Coordinates for Australian languages 3.0 1.kml|layername=WesternNyulnyulan,,NonPNy,,
Jabirrjabirr,181,1,0,-1,WesternNyulnyulan,/Users/i2/Downloads/Polygon Coordinates for Australian languages 3.0 1.kml|layername=WesternNyulnyulan,,NonPNy,,
Umiida,182,1,0,-1,Worrorric,/Users/i2/Downloads/Polygon Coordinates for Australian languages 3.0 1.kml|layername=Worrorric,,NonPNy,,
Unggumi,183,1,0,-1,Worrorric,/Users/i2/Downloads/Polygon Coordinates for Australian languages 3.0 1.kml|layername=Worrorric,,NonPNy,,
Yawijibaya,184,1,0,-1,Worrorric,/Users/i2/Downloads/Polygon Coordinates for Australian languages 3.0 1.kml|layername=Worrorric,,NonPNy,,
Worrorra,185,1,0,-1,Worrorric,/Users/i2/Downloads/Polygon Coordinates for Australian languages 3.0 1.kml|layername=Worrorric,,NonPNy,,
Kwini,186,1,0,-1,Wunambalic,/Users/i2/Downloads/Polygon Coordinates for Australian languages 3.0 1.kml|layername=Wunambalic,,NonPNy,,
Unggarranggu,187,1,0,-1,Worrorric,/Users/i2/Downloads/Polygon Coordinates for Australian languages 3.0 1.kml|layername=Worrorric,,NonPNy,,
Gamberre,188,1,0,-1,Wunambalic,/Users/i2/Downloads/Polygon Coordinates for Australian languages 3.0 1.kml|layername=Wunambalic,,NonPNy,,
Wunambal,189,1,0,-1,Wunambalic,/Users/i2/Downloads/Polygon Coordinates for Australian languages 3.0 1.kml|layername=Wunambalic,,NonPNy,,
Muluriji,191,1,0,-1,Yalanjic,/Users/i2/Downloads/Polygon Coordinates for Australian languages 3.0 1.kml|layername=Yalanjic,,,,
Jardwadjali,192,1,0,-1,Western Kulin,/Users/i2/Downloads/Polygon Coordinates for Australian languages 3.0 1.kml|layername=Western Kulin,,,y,
Tjapwurrung,193,1,0,-1,Western Kulin,/Users/i2/Downloads/Polygon Coordinates for Australian languages 3.0 1.kml|layername=Western Kulin,,,y,
Djadjawurung,194,1,0,-1,Western Kulin,/Users/i2/Downloads/Polygon Coordinates for Australian languages 3.0 1.kml|layername=Western Kulin,,,,
MathiMathi,196,1,0,-1,Western Kulin,/Users/i2/Downloads/Polygon Coordinates for Australian languages 3.0 1.kml|layername=Western Kulin,,,,
Nari Nari,197,1,0,-1,Western Kulin,/Users/i2/Downloads/Polygon Coordinates for Australian languages 3.0 1.kml|layername=Western Kulin,,,,
WathiWathi,198,1,0,-1,Western Kulin,/Users/i2/Downloads/Polygon Coordinates for Australian languages 3.0 1.kml|layername=Western Kulin,"Wadi wadi (Not to be confused with Wodi Wodi, which is a Yuin-Kuri language)",,,
Warrnambool,199,1,0,-1,Western Kulin,/Users/i2/Downloads/Polygon Coordinates for Australian languages 3.0 1.kml|layername=Western Kulin,,,,
Wotjobaluk,200,1,0,-1,Western Kulin,/Users/i2/Downloads/Polygon Coordinates for Australian languages 3.0 1.kml|layername=Western Kulin,,,,
Wemba Wemba,201,1,0,-1,Western Kulin,/Users/i2/Downloads/Polygon Coordinates for Australian languages 3.0 1.kml|layername=Western Kulin,,,,
Ngaliwuru,202,1,0,-1,Western Mirndi,/Users/i2/Downloads/Polygon Coordinates for Australian languages 3.0 1.kml|layername=Western Mirndi,,NonPNy,,
Yari-Yari,203,1,0,-1,Western Kulin,/Users/i2/Downloads/Polygon Coordinates for Australian languages 3.0 1.kml|layername=Western Kulin,,,,
Jaminjung,204,1,0,-1,Western Mirndi,/Users/i2/Downloads/Polygon Coordinates for Australian languages 3.0 1.kml|layername=Western Mirndi,,NonPNy,,
Nungali,205,1,0,-1,Western Mirndi,/Users/i2/Downloads/Polygon Coordinates for Australian languages 3.0 1.kml|layername=Western Mirndi,,NonPNy,,
Kala Lagaw Ya,206,1,0,-1,Western Torres,/Users/i2/Downloads/Polygon Coordinates for Australian languages 3.0 1.kml|layername=Western Torres,,,,
Mabuiag,207,1,0,-1,Western Torres,/Users/i2/Downloads/Polygon Coordinates for Australian languages 3.0 1.kml|layername=Western Torres,,,,
Magati Ke,208,1,0,-1,Western Daly,/Users/i2/Downloads/Polygon Coordinates for Australian languages 3.0 1.kml|layername=Western Daly,,NonPNy,,
Marramaninyshi,209,1,0,-1,Western Daly,/Users/i2/Downloads/Polygon Coordinates for Australian languages 3.0 1.kml|layername=Western Daly,,NonPNy,,
Marri Ammu,210,1,0,-1,Western Daly,/Users/i2/Downloads/Polygon Coordinates for Australian languages 3.0 1.kml|layername=Western Daly,,NonPNy,y,
Emmi,211,1,0,-1,Western Daly,/Users/i2/Downloads/Polygon Coordinates for Australian languages 3.0 1.kml|layername=Western Daly,also known as Maranunggu,NonPNy,,
Marringarr,212,1,0,-1,Western Daly,/Users/i2/Downloads/Polygon Coordinates for Australian languages 3.0 1.kml|layername=Western Daly,,NonPNy,y,
Giyug,213,1,0,-1,Anson Bay,/Users/i2/Downloads/Polygon Coordinates for Australian languages 3.0 1.kml|layername=Western Daly,,NonPNy,,
Ngalia,214,1,0,-1,Western Desert,/Users/i2/Downloads/Polygon Coordinates for Australian languages 3.0 1.kml|layername=Western Desert (Wati),,,,
Warnman,215,1,0,-1,Western Desert,/Users/i2/Downloads/Polygon Coordinates for Australian languages 3.0 1.kml|layername=Western Desert (Wati),,,,
Pitjantjatjara,216,1,0,-1,Western Desert,/Users/i2/Downloads/Polygon Coordinates for Australian languages 3.0 1.kml|layername=Western Desert (Wati),,,,
Pintupi-Luritja,218,1,0,-1,Western Desert,/Users/i2/Downloads/Polygon Coordinates for Australian languages 3.0 1.kml|layername=Western Desert (Wati),,,,
Yankunytjatjara,219,1,0,-1,Western Desert,/Users/i2/Downloads/Polygon Coordinates for Australian languages 3.0 1.kml|layername=Western Desert (Wati),,,y,
Kartujarra,220,1,0,-1,Western Desert,/Users/i2/Downloads/Polygon Coordinates for Australian languages 3.0 1.kml|layername=Western Desert (Wati),,,,
Ladji Ladji,222,1,0,-1,Western Kulin,/Users/i2/Downloads/Polygon Coordinates for Australian languages 3.0 1.kml|layername=Western Kulin,,,,
Putijarra,223,1,0,-1,Western Desert,/Users/i2/Downloads/Polygon Coordinates for Australian languages 3.0 1.kml|layername=Western Desert (Wati),,,,
Yiman,224,1,0,-1,East Maric,/Users/i2/Downloads/Polygon Coordinates for Australian languages 3.0 1.kml|layername=East Maric,,,y,
Yangga,225,1,0,-1,East Maric,/Users/i2/Downloads/Polygon Coordinates for Australian languages 3.0 1.kml|layername=East Maric,,,,
Ganulu,226,1,0,-1,East Maric,/Users/i2/Downloads/Polygon Coordinates for Australian languages 3.0 1.kml|layername=East Maric,,,,
Barada,227,1,0,-1,East Maric,/Users/i2/Downloads/Polygon Coordinates for Australian languages 3.0 1.kml|layername=East Maric,,,,
Yilba,228,1,0,-1,East Maric,/Users/i2/Downloads/Polygon Coordinates for Australian languages 3.0 1.kml|layername=East Maric,,,y,
Gangulu,229,1,0,-1,East Maric,/Users/i2/Downloads/Polygon Coordinates for Australian languages 3.0 1.kml|layername=East Maric,,,,
Biri,231,1,0,-1,East Maric,/Users/i2/Downloads/Polygon Coordinates for Australian languages 3.0 1.kml|layername=East Maric,,,y,
Kokatha,232,1,0,-1,Eastern,/Users/i2/Downloads/Polygon Coordinates for Australian languages 3.0 1.kml|layername=Eastern,,,y,
Antakirinya,233,1,0,-1,Eastern,/Users/i2/Downloads/Polygon Coordinates for Australian languages 3.0 1.kml|layername=Eastern,,,,
Matngele,234,1,0,-1,Eastern Daly,/Users/i2/Downloads/Polygon Coordinates for Australian languages 3.0 1.kml|layername=Eastern Daly,,NonPNy,,
Kamu,235,1,0,-1,Eastern Daly,/Users/i2/Downloads/Polygon Coordinates for Australian languages 3.0 1.kml|layername=Eastern Daly,,NonPNy,,
Boonwurrung,236,1,0,-1,Eastern Kulin,/Users/i2/Downloads/Polygon Coordinates for Australian languages 3.0 1.kml|layername=Eastern Kulin,,,,
Daungwurrung,237,1,0,-1,Eastern Kulin,/Users/i2/Downloads/Polygon Coordinates for Australian languages 3.0 1.kml|layername=Eastern Kulin,,,y,
Ngarnka,238,1,0,-1,Eastern Mirndi,/Users/i2/Downloads/Polygon Coordinates for Australian languages 3.0 1.kml|layername=Eastern Mirndi,,NonPNy,,
Woiwurrung,239,1,0,-1,Eastern Kulin,/Users/i2/Downloads/Polygon Coordinates for Australian languages 3.0 1.kml|layername=Eastern Kulin,,,,
Djirbal,240,1,0,-1,Dyirbalic,/Users/i2/Downloads/Polygon Coordinates for Australian languages 3.0 1.kml|layername=Dyirbalic,,,,
Guynmal,241,1,0,-1,Dharumbal,/Users/i2/Downloads/Polygon Coordinates for Australian languages 3.0 1.kml|layername=Dharumbal,"See breen 09, 6.6, issues with Tindale vs Roth. name is doubtful, can't find in current sources",,,
Warrgamay,242,1,0,-1,Dyirbalic,/Users/i2/Downloads/Polygon Coordinates for Australian languages 3.0 1.kml|layername=Dyirbalic,,,,
Nyawaygi,243,1,0,-1,Dyirbalic,/Users/i2/Downloads/Polygon Coordinates for Australian languages 3.0 1.kml|layername=Dyirbalic,,,,
Wubuy,244,1,0,-1,East Arnhem,/Users/i2/Downloads/Polygon Coordinates for Australian languages 3.0 1.kml|layername=East Arnhem,,NonPNy,,
Wulguru,245,1,0,-1,Dyirbalic,/Users/i2/Downloads/Polygon Coordinates for Australian languages 3.0 1.kml|layername=Dyirbalic,,,,
Ngandi,246,1,0,-1,East Arnhem,/Users/i2/Downloads/Polygon Coordinates for Australian languages 3.0 1.kml|layername=East Arnhem,,NonPNy,,
Anindilyakwa,247,1,0,-1,East Arnhem,/Users/i2/Downloads/Polygon Coordinates for Australian languages 3.0 1.kml|layername=East Arnhem,,NonPNy,,
Wirri,248,1,0,-1,East Maric,/Users/i2/Downloads/Polygon Coordinates for Australian languages 3.0 1.kml|layername=East Maric,,,y,
Garingbal,250,1,0,-1,East Maric,/Users/i2/Downloads/Polygon Coordinates for Australian languages 3.0 1.kml|layername=East Maric,,,,
Barna,251,1,0,-1,East Maric,/Users/i2/Downloads/Polygon Coordinates for Australian languages 3.0 1.kml|layername=East Maric,,,,
Yambina,252,1,0,-1,East Maric,/Users/i2/Downloads/Polygon Coordinates for Australian languages 3.0 1.kml|layername=East Maric,,,,
Wadjigu,253,1,0,-1,East Maric,/Users/i2/Downloads/Polygon Coordinates for Australian languages 3.0 1.kml|layername=East Maric,,,,
Gabalbara,254,1,0,-1,East Maric,/Users/i2/Downloads/Polygon Coordinates for Australian languages 3.0 1.kml|layername=East Maric,,,,
Wangan,255,1,0,-1,East Maric,/Users/i2/Downloads/Polygon Coordinates for Australian languages 3.0 1.kml|layername=East Maric,,,,
Bunuba,256,1,0,-1,Bunaban,/Users/i2/Downloads/Polygon Coordinates for Australian languages 3.0 1.kml|layername=Bunaban,,NonPNy,,
Gooniyandi,257,1,0,-1,Bunaban,/Users/i2/Downloads/Polygon Coordinates for Australian languages 3.0 1.kml|layername=Bunaban,,NonPNy,,
Dhuwal,258,1,0,-1,Central,/Users/i2/Downloads/Polygon Coordinates for Australian languages 3.0 1.kml|layername=Central,,,,
Dhuwala,259,1,0,-1,Central,/Users/i2/Downloads/Polygon Coordinates for Australian languages 3.0 1.kml|layername=Central,,,,
Dhay'yi,261,1,0,-1,Central,/Users/i2/Downloads/Polygon Coordinates for Australian languages 3.0 1.kml|layername=Central,,,,
Wiradjuri,262,1,0,-1,Central-NSW,/Users/i2/Downloads/Polygon Coordinates for Australian languages 3.0 1.kml|layername=Central-NSW,,,,
Ngiyambaa,263,1,0,-1,Central-NSW,/Users/i2/Downloads/Polygon Coordinates for Australian languages 3.0 1.kml|layername=Central-NSW,,,,
Yuwaliyaay,264,1,0,-1,Central-NSW,/Users/i2/Downloads/Polygon Coordinates for Australian languages 3.0 1.kml|layername=Central-NSW,,,,
Gamilaraay,265,1,0,-1,Central-NSW,/Users/i2/Downloads/Polygon Coordinates for Australian languages 3.0 1.kml|layername=Central-NSW,,,,
Yuwaalaraay,266,1,0,-1,Central-NSW,/Users/i2/Downloads/Polygon Coordinates for Australian languages 3.0 1.kml|layername=Central-NSW,,,,
Limilngan,268,1,0,-1,Darwin Region,/Users/i2/Downloads/Polygon Coordinates for Australian languages 3.0 1.kml|layername=Darwin Region,,NonPNy,,
Wailwan,269,1,0,-1,Central-NSW,/Users/i2/Downloads/Polygon Coordinates for Australian languages 3.0 1.kml|layername=Central-NSW,Treated by Donaldson as the Northern dialect of Ngiyambaa,,,
Dharumbal,270,1,0,-1,Dharumbal,/Users/i2/Downloads/Polygon Coordinates for Australian languages 3.0 1.kml|layername=Dharumbal,Distant sister to Mbabaram in BBA 2018,,,
Batjjamalh,272,1,0,-1,Anson Bay,/Users/i2/Downloads/Polygon Coordinates for Australian languages 3.0 1.kml|layername=Anson Bay,,NonPNy,,
Alyawarr,273,1,0,-1,Arandic,/Users/i2/Downloads/Polygon Coordinates for Australian languages 3.0 1.kml|layername=Arandic,,,,
Anmatyerr,274,1,0,-1,Arandic,/Users/i2/Downloads/Polygon Coordinates for Australian languages 3.0 1.kml|layername=Arandic,,,y,
Ayerreyenge,275,1,0,-1,Arandic,/Users/i2/Downloads/Polygon Coordinates for Australian languages 3.0 1.kml|layername=Arandic,,,,
Antekerrepenhe,276,1,0,-1,Arandic,/Users/i2/Downloads/Polygon Coordinates for Australian languages 3.0 1.kml|layername=Arandic,,,,
Lower Aranda,277,1,0,-1,Arandic,/Users/i2/Downloads/Polygon Coordinates for Australian languages 3.0 1.kml|layername=Arandic,,,,
Kaytetye,278,1,0,-1,Arandic,/Users/i2/Downloads/Polygon Coordinates for Australian languages 3.0 1.kml|layername=Arandic,,,,
Western Arrarnta,279,1,0,-1,Arandic,/Users/i2/Downloads/Polygon Coordinates for Australian languages 3.0 1.kml|layername=Arandic,,,,
Central Arrernte,280,1,0,-1,Arandic,/Users/i2/Downloads/Polygon Coordinates for Australian languages 3.0 1.kml|layername=Arandic,,,,
Eastern Arrernte,282,1,0,-1,Arandic,/Users/i2/Downloads/Polygon Coordinates for Australian languages 3.0 1.kml|layername=Arandic,,,y,
Yugambal,285,1,0,-1,Bigambalic,/Users/i2/Downloads/Polygon Coordinates for Australian languages 3.0 1.kml|layername=Bigambal,,,,
Bigambal,286,1,0,-1,Bigambalic,/Users/i2/Downloads/Polygon Coordinates for Australian languages 3.0 1.kml|layername=Bigambal,,,,
Purduna,287,1,0,-1,Kanyara,/Users/i2/Downloads/Polygon Coordinates for Australian languages 3.0 1.kml|layername=Kanyara,,,,
Pinikura,288,1,0,-1,Kanyara,/Users/i2/Downloads/Polygon Coordinates for Australian languages 3.0 1.kml|layername=Kanyara,,,,
Thalanyji,289,1,0,-1,Kanyara,/Users/i2/Downloads/Polygon Coordinates for Australian languages 3.0 1.kml|layername=Kanyara,,,,
Payungu,290,1,0,-1,Kanyara,/Users/i2/Downloads/Polygon Coordinates for Australian languages 3.0 1.kml|layername=Kanyara,,,,
Pitta-Pitta,291,1,0,-1,Karnic,/Users/i2/Downloads/Polygon Coordinates for Australian languages 3.0 1.kml|layername=Karnic,,,,
Mayawali,293,1,0,-1,Karnic,/Users/i2/Downloads/Polygon Coordinates for Australian languages 3.0 1.kml|layername=Karnic,,,,
Wangkayutyuru,294,1,0,-1,Karnic,/Users/i2/Downloads/Polygon Coordinates for Australian languages 3.0 1.kml|layername=Karnic,,,,
Mithaka,295,1,0,-1,Karnic,/Users/i2/Downloads/Polygon Coordinates for Australian languages 3.0 1.kml|layername=Karnic,,,,
Karuwali,296,1,0,-1,Karnic,/Users/i2/Downloads/Polygon Coordinates for Australian languages 3.0 1.kml|layername=Karnic,,,,
Karangura,297,1,0,-1,Karnic,/Users/i2/Downloads/Polygon Coordinates for Australian languages 3.0 1.kml|layername=Karnic,,,,
Wangkangurru,298,1,0,-1,Karnic,/Users/i2/Downloads/Polygon Coordinates for Australian languages 3.0 1.kml|layername=Karnic,,,y,
Garlali,299,1,0,-1,Karnic,/Users/i2/Downloads/Polygon Coordinates for Australian languages 3.0 1.kml|layername=Karnic,,,,
Yandruwandha,300,1,0,-1,Karnic,/Users/i2/Downloads/Polygon Coordinates for Australian languages 3.0 1.kml|layername=Karnic,,,,
Yanda,301,1,0,-1,Karnic,/Users/i2/Downloads/Polygon Coordinates for Australian languages 3.0 1.kml|layername=Karnic,,,,
Guwa,302,1,0,-1,Karnic,/Users/i2/Downloads/Polygon Coordinates for Australian languages 3.0 1.kml|layername=Karnic,,,,
Mawng,303,1,0,-1,Iwaidjan,/Users/i2/Downloads/Polygon Coordinates for Australian languages 3.0 1.kml|layername=Iwaidjan,,NonPNy,,
Iwaidja,304,1,0,-1,Iwaidjan,/Users/i2/Downloads/Polygon Coordinates for Australian languages 3.0 1.kml|layername=Iwaidjan,,NonPNy,,
Marrgu,305,1,0,-1,Iwaidjan,/Users/i2/Downloads/Polygon Coordinates for Australian languages 3.0 1.kml|layername=Iwaidjan,,NonPNy,,
Wurrugu,306,1,0,-1,Iwaidjan,/Users/i2/Downloads/Polygon Coordinates for Australian languages 3.0 1.kml|layername=Iwaidjan,,NonPNy,,
Ilgar,307,1,0,-1,Iwaidjan,/Users/i2/Downloads/Polygon Coordinates for Australian languages 3.0 1.kml|layername=Iwaidjan,,NonPNy,,
Garig,308,1,0,-1,Iwaidjan,/Users/i2/Downloads/Polygon Coordinates for Australian languages 3.0 1.kml|layername=Iwaidjan,,NonPNy,,
Dharuk,309,1,0,-1,Iyora,/Users/i2/Downloads/Polygon Coordinates for Australian languages 3.0 1.kml|layername=Iyora,,,,
Darrkinyung,310,1,0,-1,Iyora,/Users/i2/Downloads/Polygon Coordinates for Australian languages 3.0 1.kml|layername=Iyora,,,,
Thanggatti,311,1,0,-1,Iyora,/Users/i2/Downloads/Polygon Coordinates for Australian languages 3.0 1.kml|layername=Iyora,,,,
Eora,312,1,0,-1,Iyora,/Users/i2/Downloads/Polygon Coordinates for Australian languages 3.0 1.kml|layername=Iyora,spelling per Wafer and Lissarrague,,,
Miriwoong,313,1,0,-1,Jarrakan,/Users/i2/Downloads/Polygon Coordinates for Australian languages 3.0 1.kml|layername=Jarrakan,,NonPNy,,
Gija,314,1,0,-1,Jarrakan,/Users/i2/Downloads/Polygon Coordinates for Australian languages 3.0 1.kml|layername=Jarrakan,,NonPNy,,
Yalarnnga,315,1,0,-1,Kalkatungic,/Users/i2/Downloads/Polygon Coordinates for Australian languages 3.0 1.kml|layername=Kalkatungic,,,,
Gajirrebeng,316,1,0,-1,Jarrakan,/Users/i2/Downloads/Polygon Coordinates for Australian languages 3.0 1.kml|layername=Jarrakan,,NonPNy,,
Thiin,317,1,0,-1,Kanyara,/Users/i2/Downloads/Polygon Coordinates for Australian languages 3.0 1.kml|layername=Kanyara,,,,
Kalkatungu,318,1,0,-1,Kalkatungic,/Users/i2/Downloads/Polygon Coordinates for Australian languages 3.0 1.kml|layername=Kalkatungic,,,,
Garrwa,319,1,0,-1,Garrwan,/Users/i2/Downloads/Polygon Coordinates for Australian languages 3.0 1.kml|layername=Garrwan,,NonPNy,,
Waanyi,320,1,0,-1,Garrwan,/Users/i2/Downloads/Polygon Coordinates for Australian languages 3.0 1.kml|layername=Garrwan,,NonPNy,,
Erre,321,1,0,-1,Giimbiyu,/Users/i2/Downloads/Polygon Coordinates for Australian languages 3.0 1.kml|layername=Giimbiyu,,NonPNy,,
Mengerrdji,322,1,0,-1,Giimbiyu,/Users/i2/Downloads/Polygon Coordinates for Australian languages 3.0 1.kml|layername=Giimbiyu,,NonPNy,,
Gumbaynggir,323,1,0,-1,Gumbaynggiric,/Users/i2/Downloads/Polygon Coordinates for Australian languages 3.0 1.kml|layername=Gumbaynggiric,,,,
Urningangk,324,1,0,-1,Giimbiyu,/Users/i2/Downloads/Polygon Coordinates for Australian languages 3.0 1.kml|layername=Giimbiyu,,NonPNy,,
Baanbay,325,1,0,-1,Gumbaynggiric,/Users/i2/Downloads/Polygon Coordinates for Australian languages 3.0 1.kml|layername=Gumbaynggiric,,,y,
Yaygirr,326,1,0,-1,Gumbaynggiric,/Users/i2/Downloads/Polygon Coordinates for Australian languages 3.0 1.kml|layername=Gumbaynggiric,,,,
Bininj Kunwok,327,1,0,-1,Gunwinygic,/Users/i2/Downloads/Polygon Coordinates for Australian languages 3.0 1.kml|layername=Gunwinygic,,NonPNy,,
Kunbarlang,328,1,0,-1,Gunwinygic,/Users/i2/Downloads/Polygon Coordinates for Australian languages 3.0 1.kml|layername=Gunwinygic,,NonPNy,,
Wulwulam,329,1,0,-1,Gunwinyguan,/Users/i2/Downloads/Polygon Coordinates for Australian languages 3.0 1.kml|layername=Gunwinyguan,,NonPNy,,
Dalabon,330,1,0,-1,Gunwinygic,/Users/i2/Downloads/Polygon Coordinates for Australian languages 3.0 1.kml|layername=Gunwinygic,,NonPNy,,
Jawoyn,331,1,0,-1,Gunwinyguan,/Users/i2/Downloads/Polygon Coordinates for Australian languages 3.0 1.kml|layername=Gunwinyguan,,NonPNy,,
Uwinymil,332,1,0,-1,Gunwinyguan,/Users/i2/Downloads/Polygon Coordinates for Australian languages 3.0 1.kml|layername=Gunwinyguan,,NonPNy,,
Amurdak,333,1,0,-1,Iwaidjan,/Users/i2/Downloads/Polygon Coordinates for Australian languages 3.0 1.kml|layername=Iwaidjan,,NonPNy,,
Warray,334,1,0,-1,Gunwinyguan,/Users/i2/Downloads/Polygon Coordinates for Australian languages 3.0 1.kml|layername=Gunwinyguan,,NonPNy,,
Gudanji,335,1,0,-1,Eastern Mirndi,/Users/i2/Downloads/Polygon Coordinates for Australian languages 3.0 1.kml|layername=Eastern Mirndi,,NonPNy,,
Binbinka,336,1,0,-1,Eastern Mirndi,/Users/i2/Downloads/Polygon Coordinates for Australian languages 3.0 1.kml|layername=Eastern Mirndi,,NonPNy,,
Jingulu,337,1,0,-1,Eastern Mirndi,/Users/i2/Downloads/Polygon Coordinates for Australian languages 3.0 1.kml|layername=Eastern Mirndi,,NonPNy,,
Wambaya,338,1,0,-1,Eastern Mirndi,/Users/i2/Downloads/Polygon Coordinates for Australian languages 3.0 1.kml|layername=Eastern Mirndi,,NonPNy,,
Kurnai,339,1,0,-1,Eastern Victoria,/Users/i2/Downloads/Polygon Coordinates for Australian languages 3.0 1.kml|layername=Eastern Victoria,,,,
Bidawal,340,1,0,-1,Eastern Victoria,/Users/i2/Downloads/Polygon Coordinates for Australian languages 3.0 1.kml|layername=Eastern Victoria,,,,
Muk-Thang,341,1,0,-1,Eastern Victoria,/Users/i2/Downloads/Polygon Coordinates for Australian languages 3.0 1.kml|layername=Eastern Victoria,,,,
Thangguai,342,1,0,-1,Eastern Victoria,/Users/i2/Downloads/Polygon Coordinates for Australian languages 3.0 1.kml|layername=Eastern Victoria,,,,
Dhudhuroa,343,1,0,-1,Eastern Victoria,/Users/i2/Downloads/Polygon Coordinates for Australian languages 3.0 1.kml|layername=Eastern Victoria,,,,
Nulit,344,1,0,-1,Eastern Victoria,/Users/i2/Downloads/Polygon Coordinates for Australian languages 3.0 1.kml|layername=Eastern Victoria,,,,
Yawuru,345,1,0,-1,EasternNyulnyulan,/Users/i2/Downloads/Polygon Coordinates for Australian languages 3.0 1.kml|layername=EasternNyulnyulan,,NonPNy,,
Waywurru,346,1,0,-1,Eastern Victoria,/Users/i2/Downloads/Polygon Coordinates for Australian languages 3.0 1.kml|layername=Eastern Victoria,,,,
Jukun,347,1,0,-1,EasternNyulnyulan,/Users/i2/Downloads/Polygon Coordinates for Australian languages 3.0 1.kml|layername=EasternNyulnyulan,,NonPNy,,
Nyikina,348,1,0,-1,EasternNyulnyulan,/Users/i2/Downloads/Polygon Coordinates for Australian languages 3.0 1.kml|layername=EasternNyulnyulan,,NonPNy,,
Ngumbarl,349,1,0,-1,EasternNyulnyulan,/Users/i2/Downloads/Polygon Coordinates for Australian languages 3.0 1.kml|layername=EasternNyulnyulan,,NonPNy,,
Warrwa,350,1,0,-1,EasternNyulnyulan,/Users/i2/Downloads/Polygon Coordinates for Australian languages 3.0 1.kml|layername=EasternNyulnyulan,,NonPNy,,
Warriyangga,351,1,0,-1,Mantharta,/Users/i2/Downloads/Polygon Coordinates for Australian languages 3.0 1.kml|layername=Mantharta,,,,
Tharrgari,352,1,0,-1,Mantharta,/Users/i2/Downloads/Polygon Coordinates for Australian languages 3.0 1.kml|layername=Mantharta,,,,
Gudjal,353,1,0,-1,Maric,/Users/i2/Downloads/Polygon Coordinates for Australian languages 3.0 1.kml|layername=Maric,,,,
Alawa,354,1,0,-1,Maran,/Users/i2/Downloads/Polygon Coordinates for Australian languages 3.0 1.kml|layername=Maran,,NonPNy,,
Yagalingu,355,1,0,-1,Maric,/Users/i2/Downloads/Polygon Coordinates for Australian languages 3.0 1.kml|layername=Maric,,,,
Miyan,356,1,0,-1,Maric,/Users/i2/Downloads/Polygon Coordinates for Australian languages 3.0 1.kml|layername=Maric,,,,
Dungaloo,357,1,0,-1,Maric,/Users/i2/Downloads/Polygon Coordinates for Australian languages 3.0 1.kml|layername=Maric,,,y,
Giya,358,1,0,-1,Maric,/Users/i2/Downloads/Polygon Coordinates for Australian languages 3.0 1.kml|layername=Maric,,,,
Yiningayi,359,1,0,-1,Maric,/Users/i2/Downloads/Polygon Coordinates for Australian languages 3.0 1.kml|layername=Maric,,,,
Yuru,360,1,0,-1,Maric,/Users/i2/Downloads/Polygon Coordinates for Australian languages 3.0 1.kml|layername=Maric,,,,
Yugul,361,1,0,-1,Marran,/Users/i2/Downloads/Polygon Coordinates for Australian languages 3.0 1.kml|layername=Marran,,NonPNy,,
Bindal,362,1,0,-1,Maric,/Users/i2/Downloads/Polygon Coordinates for Australian languages 3.0 1.kml|layername=Maric,,,,
Marra,363,1,0,-1,Marran,/Users/i2/Downloads/Polygon Coordinates for Australian languages 3.0 1.kml|layername=Marran,,NonPNy,,
Warndarrang,364,1,0,-1,Marran,/Users/i2/Downloads/Polygon Coordinates for Australian languages 3.0 1.kml|layername=Marran,,NonPNy,,
Nyangumarta,365,1,0,-1,Marrngu,/Users/i2/Downloads/Polygon Coordinates for Australian languages 3.0 1.kml|layername=Marrngu,,,,
Karajarri,366,1,0,-1,Marrngu,/Users/i2/Downloads/Polygon Coordinates for Australian languages 3.0 1.kml|layername=Marrngu,,,,
Larrakia,367,1,0,-1,Larrakiyan,/Users/i2/Downloads/Polygon Coordinates for Australian languages 3.0 1.kml|layername=Larrakiyan,,NonPNy,,
Wulna,368,1,0,-1,Larrakiyan,/Users/i2/Downloads/Polygon Coordinates for Australian languages 3.0 1.kml|layername=Larrakiyan,,NonPNy,,
Keramin,369,1,0,-1,LowerMurray,/Users/i2/Downloads/Polygon Coordinates for Australian languages 3.0 1.kml|layername=LowerMurray,"Also Kureinji, Yari-Yari",,,
Ngarkat,370,1,0,-1,LowerMurray,/Users/i2/Downloads/Polygon Coordinates for Australian languages 3.0 1.kml|layername=LowerMurray,,,y,
Ngintait,371,1,0,-1,LowerMurray,/Users/i2/Downloads/Polygon Coordinates for Australian languages 3.0 1.kml|layername=LowerMurray,"Also Ngindadj, Yuu-Yuu given as a reference name in Wafer and Lissarague)",,,
YithaYitha,372,1,0,-1,LowerMurray,/Users/i2/Downloads/Polygon Coordinates for Australian languages 3.0 1.kml|layername=LowerMurray,,,y,
Ngarrindjeri,373,1,0,-1,LowerMurray,/Users/i2/Downloads/Polygon Coordinates for Australian languages 3.0 1.kml|layername=LowerMurray,,,,
Peramangk,374,1,0,-1,LowerMurray,/Users/i2/Downloads/Polygon Coordinates for Australian languages 3.0 1.kml|layername=LowerMurray,,,y,
Ngaiawang,375,1,0,-1,LowerMurray,/Users/i2/Downloads/Polygon Coordinates for Australian languages 3.0 1.kml|layername=LowerMurray,,,,
Yaraldi,376,1,0,-1,LowerMurray,/Users/i2/Downloads/Polygon Coordinates for Australian languages 3.0 1.kml|layername=LowerMurray,,,,
Ndjebbana,377,1,0,-1,Maningrida,/Users/i2/Downloads/Polygon Coordinates for Australian languages 3.0 1.kml|layername=Maningrida,also called Gunavidji,NonPNy,,
Raminyeri,378,1,0,-1,Lower Murray,/Users/i2/Downloads/Polygon Coordinates for Australian languages 3.0 1.kml|layername=LowerMurray,,,y,
Gurrgoni,379,1,0,-1,Maningrida,/Users/i2/Downloads/Polygon Coordinates for Australian languages 3.0 1.kml|layername=Maningrida,,NonPNy,,
Nakara,380,1,0,-1,Maningrida,/Users/i2/Downloads/Polygon Coordinates for Australian languages 3.0 1.kml|layername=Maningrida,,NonPNy,,
Jiwarli,381,1,0,-1,Mantharta,/Users/i2/Downloads/Polygon Coordinates for Australian languages 3.0 1.kml|layername=Mantharta,,,,
Burarra,382,1,0,-1,Maningrida,/Users/i2/Downloads/Polygon Coordinates for Australian languages 3.0 1.kml|layername=Maningrida,,NonPNy,,
Kalaamaya,383,1,0,-1,Kartu,/Users/i2/Downloads/Polygon Coordinates for Australian languages 3.0 1.kml|layername=Kartu,,,,
Tharrayi,384,1,0,-1,Kartu,/Users/i2/Downloads/Polygon Coordinates for Australian languages 3.0 1.kml|layername=Kartu,"tindale's Tedei, per Doug Marmion. Probably the same as Thirrily (Southern Yingkarta?)",,,
Badimaya,385,1,0,-1,Kartu,/Users/i2/Downloads/Polygon Coordinates for Australian languages 3.0 1.kml|layername=Kartu,,,,
Nhanda,386,1,0,-1,Kartu,/Users/i2/Downloads/Polygon Coordinates for Australian languages 3.0 1.kml|layername=Kartu,,,,
Thaagurda,387,1,0,-1,Kartu,/Users/i2/Downloads/Polygon Coordinates for Australian languages 3.0 1.kml|layername=Kartu,Language mentioned in Doug Marmion's honour's thesis; not otherwise attested but seems to be a separate language,,,
Wajarri,388,1,0,-1,Kartu,/Users/i2/Downloads/Polygon Coordinates for Australian languages 3.0 1.kml|layername=Kartu,,,,
Kolakngat,389,1,0,-1,Kulin,/Users/i2/Downloads/Polygon Coordinates for Australian languages 3.0 1.kml|layername=Kulin,Kolakngat,,,
Bunganditj,390,1,0,-1,Kulin,/Users/i2/Downloads/Polygon Coordinates for Australian languages 3.0 1.kml|layername=Kulin,,,,
Birrpayi,391,1,0,-1,Kuri,/Users/i2/Downloads/Polygon Coordinates for Australian languages 3.0 1.kml|layername=Kuri,,,,
Wathawurrung,392,1,0,-1,Kulin,/Users/i2/Downloads/Polygon Coordinates for Australian languages 3.0 1.kml|layername=Kulin,,,,
Hunter River Lake Macquarie,393,1,0,-1,Kuri,/Users/i2/Downloads/Polygon Coordinates for Australian languages 3.0 1.kml|layername=Kuri,,,,
Worimi,394,1,0,-1,Kuri,/Users/i2/Downloads/Polygon Coordinates for Australian languages 3.0 1.kml|layername=Kuri,,,y,
Aghu Tharnggala,395,1,0,-1,Lamalamic,/Users/i2/Downloads/Polygon Coordinates for Australian languages 3.0 1.kml|layername=Lamalamic,,,,
Katthang,396,1,0,-1,Kuri,/Users/i2/Downloads/Polygon Coordinates for Australian languages 3.0 1.kml|layername=Kuri,,,,
Lamalama,398,1,0,-1,Lamalamic,/Users/i2/Downloads/Polygon Coordinates for Australian languages 3.0 1.kml|layername=Lamalamic,,,,
Nhirrpi,399,1,0,-1,Karnic,/Users/i2/Downloads/Polygon Coordinates for Australian languages 3.0 1.kml|layername=Karnic,,,y,
Pirlatapa,400,1,0,-1,Karnic,/Users/i2/Downloads/Polygon Coordinates for Australian languages 3.0 1.kml|layername=Karnic,,,,
Diyari,401,1,0,-1,Karnic,/Users/i2/Downloads/Polygon Coordinates for Australian languages 3.0 1.kml|layername=Karnic,,,,
Kungkarri,402,1,0,-1,Karnic,/Users/i2/Downloads/Polygon Coordinates for Australian languages 3.0 1.kml|layername=Karnic,,,,
Yawarrawarrka,403,1,0,-1,Karnic,/Users/i2/Downloads/Polygon Coordinates for Australian languages 3.0 1.kml|layername=Karnic,,,,
Pirriya,404,1,0,-1,Karnic,/Users/i2/Downloads/Polygon Coordinates for Australian languages 3.0 1.kml|layername=Karnic,,,,
Yarluyandi,405,1,0,-1,Karnic,/Users/i2/Downloads/Polygon Coordinates for Australian languages 3.0 1.kml|layername=Karnic,,,,
Ngamini,406,1,0,-1,Karnic,/Users/i2/Downloads/Polygon Coordinates for Australian languages 3.0 1.kml|layername=Karnic,,,,
Ngantangarra,407,1,0,-1,Karnic,/Users/i2/Downloads/Polygon Coordinates for Australian languages 3.0 1.kml|layername=Karnic,,,y,
Wangkumara,408,1,0,-1,Karnic,/Users/i2/Downloads/Polygon Coordinates for Australian languages 3.0 1.kml|layername=Karnic,,,,
Thirarri,409,1,0,-1,Karnic,/Users/i2/Downloads/Polygon Coordinates for Australian languages 3.0 1.kml|layername=Karnic,,,y,
Arabana,410,1,0,-1,Karnic,/Users/i2/Downloads/Polygon Coordinates for Australian languages 3.0 1.kml|layername=Karnic,,,,
Malkana,411,1,0,-1,Kartu,/Users/i2/Downloads/Polygon Coordinates for Australian languages 3.0 1.kml|layername=Kartu,,,,
Punthamara,412,1,0,-1,Karnic,/Users/i2/Downloads/Polygon Coordinates for Australian languages 3.0 1.kml|layername=Karnic,,,,
Yingkarta,413,1,0,-1,Kartu,/Users/i2/Downloads/Polygon Coordinates for Australian languages 3.0 1.kml|layername=Kartu,,,,
Wagiman,415,1,0,-1,Non Pama-Nyungan Languages file,/Users/i2/Downloads/Polygon Coordinates for Australian languages 3.0 1.kml|layername=Non Pama-Nyungan Languages file,,NonPNy,,
Tiwi,416,1,0,-1,Non Pama-Nyungan Languages file,/Users/i2/Downloads/Polygon Coordinates for Australian languages 3.0 1.kml|layername=Non Pama-Nyungan Languages file,,NonPNy,,1
Gaagudju,417,1,0,-1,Non Pama-Nyungan Languages file,/Users/i2/Downloads/Polygon Coordinates for Australian languages 3.0 1.kml|layername=Non Pama-Nyungan Languages file,,NonPNy,,
Kungarakany,418,1,0,-1,Non Pama-Nyungan Languages file,/Users/i2/Downloads/Polygon Coordinates for Australian languages 3.0 1.kml|layername=Non Pama-Nyungan Languages file,,NonPNy,,
Warungu,419,1,0,-1,North Maric,/Users/i2/Downloads/Polygon Coordinates for Australian languages 3.0 1.kml|layername=North Maric,,,,
Mangarrayi,420,1,0,-1,Non Pama-Nyungan Languages file,/Users/i2/Downloads/Polygon Coordinates for Australian languages 3.0 1.kml|layername=Non Pama-Nyungan Languages file,,NonPNy,,
Djinba,421,1,0,-1,Northern,/Users/i2/Downloads/Polygon Coordinates for Australian languages 3.0 1.kml|layername=Northern,,,,
Gugu Badhun,422,1,0,-1,North Maric,/Users/i2/Downloads/Polygon Coordinates for Australian languages 3.0 1.kml|layername=North Maric,,,,
Yan-nhangu,423,1,0,-1,Northern,/Users/i2/Downloads/Polygon Coordinates for Australian languages 3.0 1.kml|layername=Northern,,,,
Dhangu,424,1,0,-1,Northern,/Users/i2/Downloads/Polygon Coordinates for Australian languages 3.0 1.kml|layername=Northern,,,,
Djangu,425,1,0,-1,Northern,/Users/i2/Downloads/Polygon Coordinates for Australian languages 3.0 1.kml|layername=Northern,,,,
Golpa,426,1,0,-1,Northern,/Users/i2/Downloads/Polygon Coordinates for Australian languages 3.0 1.kml|layername=Northern,,,,
Ngardi,427,1,0,-1,Northern (#2),/Users/i2/Downloads/Polygon Coordinates for Australian languages 3.0 1.kml|layername=Northern (#2),,,,
Djinang,428,1,0,-1,Northern,/Users/i2/Downloads/Polygon Coordinates for Australian languages 3.0 1.kml|layername=Northern,,,,
Manjiljarra,429,1,0,-1,Northern (#2),/Users/i2/Downloads/Polygon Coordinates for Australian languages 3.0 1.kml|layername=Northern (#2),,,y,
Wangkajunga,430,1,0,-1,Northern (#2),/Users/i2/Downloads/Polygon Coordinates for Australian languages 3.0 1.kml|layername=Northern (#2),,,,
Yindjibarndi,431,1,0,-1,Ngayarta,/Users/i2/Downloads/Polygon Coordinates for Australian languages 3.0 1.kml|layername=Ngayarta,,,,
Ngarla,432,1,0,-1,Ngayarta,/Users/i2/Downloads/Polygon Coordinates for Australian languages 3.0 1.kml|layername=Ngayarta,,,,
Karranga,433,1,0,-1,Ngumpin-Yapa,/Users/i2/Downloads/Polygon Coordinates for Australian languages 3.0 1.kml|layername=Ngumpin-Yapa,,,y,
Yinhawangka,434,1,0,-1,Ngayarta,/Users/i2/Downloads/Polygon Coordinates for Australian languages 3.0 1.kml|layername=Ngayarta,,,,
Bilinarra,435,1,0,-1,Ngumpin-Yapa,/Users/i2/Downloads/Polygon Coordinates for Australian languages 3.0 1.kml|layername=Ngumpin-Yapa,,,,
Walmajarri,436,1,0,-1,Ngumpin-Yapa,/Users/i2/Downloads/Polygon Coordinates for Australian languages 3.0 1.kml|layername=Ngumpin-Yapa,,,,
Warlpiri,437,1,0,-1,Ngumpin-Yapa,/Users/i2/Downloads/Polygon Coordinates for Australian languages 3.0 1.kml|layername=Ngumpin-Yapa,,,,
Warlmanpa,438,1,0,-1,Ngumpin-Yapa,/Users/i2/Downloads/Polygon Coordinates for Australian languages 3.0 1.kml|layername=Ngumpin-Yapa,,,,
Wurlayi,439,1,0,-1,Ngumpin-Yapa,/Users/i2/Downloads/Polygon Coordinates for Australian languages 3.0 1.kml|layername=Ngumpin-Yapa,,,y,
Ngarinyman,440,1,0,-1,Ngumpin-Yapa,/Users/i2/Downloads/Polygon Coordinates for Australian languages 3.0 1.kml|layername=Ngumpin-Yapa,,,,
Mudburra,441,1,0,-1,Ngumpin-Yapa,/Users/i2/Downloads/Polygon Coordinates for Australian languages 3.0 1.kml|layername=Ngumpin-Yapa,,,,
Gurindji,442,1,0,-1,Ngumpin-Yapa,/Users/i2/Downloads/Polygon Coordinates for Australian languages 3.0 1.kml|layername=Ngumpin-Yapa,,,,
Malngin,443,1,0,-1,Ngumpin-Yapa,/Users/i2/Downloads/Polygon Coordinates for Australian languages 3.0 1.kml|layername=Ngumpin-Yapa,,,,
Jaru,444,1,0,-1,Ngumpin-Yapa,/Users/i2/Downloads/Polygon Coordinates for Australian languages 3.0 1.kml|layername=Ngumpin-Yapa,,,,
Jiwarliny,445,1,0,-1,Ngumpin-Yapa,/Users/i2/Downloads/Polygon Coordinates for Australian languages 3.0 1.kml|layername=Ngumpin-Yapa,,,y,
Wanyjirra,446,1,0,-1,Ngumpin-Yapa,/Users/i2/Downloads/Polygon Coordinates for Australian languages 3.0 1.kml|layername=Ngumpin-Yapa,,,,
Garandi,447,,,,Paman,,,,,
Barranbinya,448,,,,Muruwaric,,,,,
Southern Anaiwan,450,,,,Anaiwan,,,,,
Kokiny,451,,,,Paman,,,,,
Ribh,452,,,,Paman,Paman,,,,
Olkola,453,,,,Paman,,,,,
Gugu Djangun,454,,,,Paman,,,,,
Wik-Alkan,455,,,,Paman,,,,y,
Wik-Ngatharr,456,,,,Paman,,,,,
Wik-Paacha,457,,,,Paman,,,,,
Wik-Ep,458,,,,Paman,,,,y,
Wik-Ngathan,459,,,,Paman,,,,,
Wik Me'anh,460,,,,Paman,,,,,
Pakanh,461,,,,Paman,,,,,
Kuuk Yak,462,,,,Paman,,,,,
Kuuk Thaayorre,463,,,,Paman,,,,,
Yintyingka,464,,,,Paman,,,,,
Umpithamu,465,,,,Paman,,,,,
Umbuygamu,466,,,,Paman,,,,,
Rimanggudinhma,467,,,,Paman,,,,,
Walangama,468,,,,Paman,,,,,
Agwamin,469,,,,Paman,,,,,
Takalak,470,,,,Paman,,,,,
Athima,471,,,,Paman,,,,,
Ikarranggal,472,,,,Paman,,,,,
Uw Oykangand,474,,,,Paman,,,,,
Ogunyjan,475,,,,Paman,,,,,
Koko-Babángk,476,,,,Paman,,,,,
Menthe,477,,,,Western Daly,,,NonPNy,y,
Yunggurr,478,,,,Eastern Daly,,,NonPNy,y,
Pungupungu,479,,,,Anson Bay,,,NonPNy,y,
Maranunggu,480,,,,Western Daly,,,NonPNy,,
Tyerraty,481,,,,Northern Daly,,,,,
Ngan'gikurunggurr,482,,,,Southern Daly,,,NonPNy,y,
Marrithiel,483,,,,Western Daly,,,NonPNy,,
Marri Tjevin,484,,,,Western Daly,,,NonPNy,y,
Marri Dan,485,,,,Western Daly,,,NonPNy,y,
Winjarumi,486,,,,Worrorran,Wororan,,NonPny,,
Nyaanyatjarra,487,,,,Western Desert,,,,,
Tjupan,488,,,,Western Desert,,,,,
Ngaanyatjarra,489,,,,Western Desert,,,,,
Kuwarra,490,,,,Western Desert,,,,y,
Cundeelee Wangka,491,,,,Western Desert,,,,y,
Yetimarala,492,,,,Maric,,,,,
Wapabara,493,,,,Dharumbal,,,,,
Ara-ara,494,,,,Maric,,,,,
Gara-gara,496,,,,Maric,,,,y,
Yandjibara,497,,,,Maric,,,,,
Dharawala,498,,,,Maric,,,,,
Ngaro,499,,,,Maric,,,,,
Wilyakali,500,,,,Paakantyi,,,,y,
Paakantyi,501,,,,Paakantyi,,,,,
Omeo language,502,,,,Yuin-Kuri,,,,,
Yu-Yu,503,,,,LowerMurray,,,,,
Dharumba,504,,,,Yuin-Kuri,,,,,
Copmanhurst Langugae,505,1,0,-1,Bandjalangic,,,,,
Gold Coast Pimpana,506,1,0,-1,Bandjalangic,,,,,
Condamine- Upper-Clarence,507,1,0,-1,Bandjalangic,,,,,
Middle Clarence,508,1,0,-1,Bandjalangic,,,,,
Lower Richmond,509,1,0,-1,Bandjalangic,,,,,
Tweed-Albert,510,1,0,-1,Bandjalangic,,,,,
Guyambal,511,,,,Bigambalic,,,,,
Gugu Wakura,512,,,,Paman,,,,y,
Koogobatha,513,,,,Paman,,,,,
Awu Alaya,514,,,,Paman,,,,,
Ogh-Alungul,515,,,,Paman,,,,,
Koko Dhawa,516,,,,Paman,,,,y,
Ogh Awarrangg,517,,,,Paman,,,,,
Agu Aloja,518,,,,Paman,,,,,
Ogh-Angkula,519,,,,Paman,,,,,
Wik Iyanh,520,,,,Paman,,,,,
Uw El,521,,,,Paman,,,,y,
Yirrk Thangalkl,522,,,,Paman,,,,,
Southern Kaantju,523,,,,Paman,,,,,
