fid,name,description,timestamp,begin,end,altitudeMode,tessellate,extrude,visibility,drawOrder,icon,layer,path
1,Galaagu,,,,,,1,0,-1,,,NatjuCluster,/Users/i2/Downloads/Polygon Coordinates for Australian languages 3.0 1.kml|layername=NatjuCluster
2,Ngatyumaya,"Better name for the language would be Marlpamaya (human language) rather than 'Ngajumaya"" (I language) (Doug Marmion, pc)",,,,,1,0,-1,,,NatjuCluster,/Users/i2/Downloads/Polygon Coordinates for Australian languages 3.0 1.kml|layername=NatjuCluster
3,Ngarinyin,,,,,,1,0,-1,,,Ngarinyinic,/Users/i2/Downloads/Polygon Coordinates for Australian languages 3.0 1.kml|layername=Ngarinyinic
4,Worla,,,,,,1,0,-1,,,Ngarinyinic,/Users/i2/Downloads/Polygon Coordinates for Australian languages 3.0 1.kml|layername=Ngarinyinic
5,Yapurarra,,,,,,1,0,-1,,,Ngayarta,/Users/i2/Downloads/Polygon Coordinates for Australian languages 3.0 1.kml|layername=Ngayarta
6,Andajin,,,,,,1,0,-1,,,Ngarinyinic,/Users/i2/Downloads/Polygon Coordinates for Australian languages 3.0 1.kml|layername=Ngarinyinic
7,Ngarlawangga,name changed from Ngalawangka per Doug Marmion,,,,,1,0,-1,,,Ngayarta,/Users/i2/Downloads/Polygon Coordinates for Australian languages 3.0 1.kml|layername=Ngayarta
8,Ngarluma,,,,,,1,0,-1,,,Ngayarta,/Users/i2/Downloads/Polygon Coordinates for Australian languages 3.0 1.kml|layername=Ngayarta
9,Martuthunira,,,,,,1,0,-1,,,Ngayarta,/Users/i2/Downloads/Polygon Coordinates for Australian languages 3.0 1.kml|layername=Ngayarta
10,Nhuwala,,,,,,1,0,-1,,,Ngayarta,/Users/i2/Downloads/Polygon Coordinates for Australian languages 3.0 1.kml|layername=Ngayarta
11,Palyku,,,,,,1,0,-1,,,Ngayarta,/Users/i2/Downloads/Polygon Coordinates for Australian languages 3.0 1.kml|layername=Ngayarta
12,Panyjima,,,,,,1,0,-1,,,Ngayarta,/Users/i2/Downloads/Polygon Coordinates for Australian languages 3.0 1.kml|layername=Ngayarta
13,Kurrama,,,,,,1,0,-1,,,Ngayarta,/Users/i2/Downloads/Polygon Coordinates for Australian languages 3.0 1.kml|layername=Ngayarta
14,Nyamal,,,,,,1,0,-1,,,Ngayarta,/Users/i2/Downloads/Polygon Coordinates for Australian languages 3.0 1.kml|layername=Ngayarta
15,Kariyarra,,,,,,1,0,-1,,,Ngayarta,/Users/i2/Downloads/Polygon Coordinates for Australian languages 3.0 1.kml|layername=Ngayarta
16,Jurruru,,,,,,1,0,-1,,,Ngayarta,/Users/i2/Downloads/Polygon Coordinates for Australian languages 3.0 1.kml|layername=Ngayarta
17,Wanamara,,,,,,1,0,-1,,,Mayi,/Users/i2/Downloads/Polygon Coordinates for Australian languages 3.0 1.kml|layername=Mayi
18,Mangala,,,,,,1,0,-1,,,Marrngu,/Users/i2/Downloads/Polygon Coordinates for Australian languages 3.0 1.kml|layername=Marrngu
19,Mayi-Kulan,,,,,,1,0,-1,,,Mayi,/Users/i2/Downloads/Polygon Coordinates for Australian languages 3.0 1.kml|layername=Mayi
20,Ngawun,,,,,,1,0,-1,,,Mayi,/Users/i2/Downloads/Polygon Coordinates for Australian languages 3.0 1.kml|layername=Mayi
21,Mayi-Yapi,,,,,,1,0,-1,,,Mayi,/Users/i2/Downloads/Polygon Coordinates for Australian languages 3.0 1.kml|layername=Mayi
22,Mayi-Kutuna,,,,,,1,0,-1,,,Mayi,/Users/i2/Downloads/Polygon Coordinates for Australian languages 3.0 1.kml|layername=Mayi
23,Ayapathu,,,,,,1,0,-1,,,Middle,/Users/i2/Downloads/Polygon Coordinates for Australian languages 3.0 1.kml|layername=Middle
24,Mayi-Thakurti,,,,,,1,0,-1,,,Mayi,/Users/i2/Downloads/Polygon Coordinates for Australian languages 3.0 1.kml|layername=Mayi
25,Kuuku Yani,,,,,,1,0,-1,,,Middle,/Users/i2/Downloads/Polygon Coordinates for Australian languages 3.0 1.kml|layername=Middle
27,Kuuku-Ya'u,,,,,,1,0,-1,,,Middle,/Users/i2/Downloads/Polygon Coordinates for Australian languages 3.0 1.kml|layername=Middle
29,Kugu Nhanhcara,,,,,,1,0,-1,,,Middle,/Users/i2/Downloads/Polygon Coordinates for Australian languages 3.0 1.kml|layername=Middle
30,Kaanju,,,,,,1,0,-1,,,Middle,/Users/i2/Downloads/Polygon Coordinates for Australian languages 3.0 1.kml|layername=Middle
31,Wik Mungkan,,,,,,1,0,-1,,,Middle,/Users/i2/Downloads/Polygon Coordinates for Australian languages 3.0 1.kml|layername=Middle
33,Badjiri,,,,,,1,0,-1,,,South Maric,/Users/i2/Downloads/Polygon Coordinates for Australian languages 3.0 1.kml|layername=South Maric
34,Wadjabangayi,,,,,,1,0,-1,,,South Maric,/Users/i2/Downloads/Polygon Coordinates for Australian languages 3.0 1.kml|layername=South Maric
35,Gungabula,,,,,,1,0,-1,,,South Maric,/Users/i2/Downloads/Polygon Coordinates for Australian languages 3.0 1.kml|layername=South Maric
36,Gunggari,,,,,,1,0,-1,,,South Maric,/Users/i2/Downloads/Polygon Coordinates for Australian languages 3.0 1.kml|layername=South Maric
37,Bidjara,,,,,,1,0,-1,,,South Maric,/Users/i2/Downloads/Polygon Coordinates for Australian languages 3.0 1.kml|layername=South Maric
38,Yiningay,,,,,,1,0,-1,,,South Maric,/Users/i2/Downloads/Polygon Coordinates for Australian languages 3.0 1.kml|layername=South Maric
39,Guwamu,,,,,,1,0,-1,,,South Maric,/Users/i2/Downloads/Polygon Coordinates for Australian languages 3.0 1.kml|layername=South Maric
40,Gunya,,,,,,1,0,-1,,,South Maric,/Users/i2/Downloads/Polygon Coordinates for Australian languages 3.0 1.kml|layername=South Maric
41,Muruwari,,,,,,1,0,-1,,,SouthEastern,/Users/i2/Downloads/Polygon Coordinates for Australian languages 3.0 1.kml|layername=SouthEastern
42,Margany,,,,,,1,0,-1,,,South Maric,/Users/i2/Downloads/Polygon Coordinates for Australian languages 3.0 1.kml|layername=South Maric
43,Ritharrngu,,,,,,1,0,-1,,,Southern,/Users/i2/Downloads/Polygon Coordinates for Australian languages 3.0 1.kml|layername=Southern
44,Nganyaywana,,,,,,1,0,-1,,,SouthEastern,/Users/i2/Downloads/Polygon Coordinates for Australian languages 3.0 1.kml|layername=SouthEastern
45,Goreng,,,,,,1,0,-1,,,Southern (#2),/Users/i2/Downloads/Polygon Coordinates for Australian languages 3.0 1.kml|layername=Southern (#2)
46,Minang,,,,,,1,0,-1,,,Southern (#2),/Users/i2/Downloads/Polygon Coordinates for Australian languages 3.0 1.kml|layername=Southern (#2)
47,Nyunga,,,,,,1,0,-1,,,Southern (#2),/Users/i2/Downloads/Polygon Coordinates for Australian languages 3.0 1.kml|layername=Southern (#2)
48,Wudjari,,,,,,1,0,-1,,,Southern (#2),/Users/i2/Downloads/Polygon Coordinates for Australian languages 3.0 1.kml|layername=Southern (#2)
49,Danggali,,,,,,1,0,-1,,,Paakintyi,/Users/i2/Downloads/Polygon Coordinates for Australian languages 3.0 1.kml|layername=Paakintyi
50,Barundji,,,,,,1,0,-1,,,Paakintyi,/Users/i2/Downloads/Polygon Coordinates for Australian languages 3.0 1.kml|layername=Paakintyi
51,Barindji,,,,,,1,0,-1,,,Paakintyi,/Users/i2/Downloads/Polygon Coordinates for Australian languages 3.0 1.kml|layername=Paakintyi
52,Kurnu,,,,,,1,0,-1,,,Paakintyi,/Users/i2/Downloads/Polygon Coordinates for Australian languages 3.0 1.kml|layername=Paakintyi
53,Wilyagali,,,,,,1,0,-1,,,Paakintyi,/Users/i2/Downloads/Polygon Coordinates for Australian languages 3.0 1.kml|layername=Paakintyi
54,Southern Paakantyi,,,,,,1,0,-1,,,Paakintyi,/Users/i2/Downloads/Polygon Coordinates for Australian languages 3.0 1.kml|layername=Paakintyi
55,Flinders Island,,,,,,1,0,-1,,,Paman,/Users/i2/Downloads/Polygon Coordinates for Australian languages 3.0 1.kml|layername=Paman
56,Guugu-Yimidhirr,,,,,,1,0,-1,,,Paman,/Users/i2/Downloads/Polygon Coordinates for Australian languages 3.0 1.kml|layername=Paman
57,Mbabaram,,,,,,1,0,-1,,,Paman,/Users/i2/Downloads/Polygon Coordinates for Australian languages 3.0 1.kml|layername=Paman
58,Barrow Point,,,,,,1,0,-1,,,Paman,/Users/i2/Downloads/Polygon Coordinates for Australian languages 3.0 1.kml|layername=Paman
60,Kuku Thaypan,,,,,,1,0,-1,,,Rarmul Paman,/Users/i2/Downloads/Polygon Coordinates for Australian languages 3.0 1.kml|layername=Rarmul Paman
61,Ngalakgan,,,,,,1,0,-1,,,Rembarrnga-Ngalakgan,/Users/i2/Downloads/Polygon Coordinates for Australian languages 3.0 1.kml|layername=Rembarrnga-Ngalakgan
63,Mandandanji,,,,,,1,0,-1,,,South Maric,/Users/i2/Downloads/Polygon Coordinates for Australian languages 3.0 1.kml|layername=South Maric
64,Rembarrnga,,,,,,1,0,-1,,,Rembarrnga-Ngalakgan,/Users/i2/Downloads/Polygon Coordinates for Australian languages 3.0 1.kml|layername=Rembarrnga-Ngalakgan
65,Mbeiwum,,,,,,1,0,-1,,,Northern (#5),/Users/i2/Downloads/Polygon Coordinates for Australian languages 3.0 1.kml|layername=Northern (#5)
66,Yatay,,,,,,1,0,-1,,,Northern (#5),/Users/i2/Downloads/Polygon Coordinates for Australian languages 3.0 1.kml|layername=Northern (#5)
67,Umpila,,,,,,1,0,-1,,,Northern (#5),/Users/i2/Downloads/Polygon Coordinates for Australian languages 3.0 1.kml|layername=Northern (#5)
68,Yinwum,,,,,,1,0,-1,,,Northern (#5),/Users/i2/Downloads/Polygon Coordinates for Australian languages 3.0 1.kml|layername=Northern (#5)
69,Yadhaykenu,,,,,,1,0,-1,,,Northern (#5),/Users/i2/Downloads/Polygon Coordinates for Australian languages 3.0 1.kml|layername=Northern (#5)
70,Linngithigh,,,,,,1,0,-1,,,Northern (#5),/Users/i2/Downloads/Polygon Coordinates for Australian languages 3.0 1.kml|layername=Northern (#5)
71,Luthigh,,,,,,1,0,-1,,,Northern (#5),/Users/i2/Downloads/Polygon Coordinates for Australian languages 3.0 1.kml|layername=Northern (#5)
72,Anguthimri,,,,,,1,0,-1,,,Northern (#5),/Users/i2/Downloads/Polygon Coordinates for Australian languages 3.0 1.kml|layername=Northern (#5)
73,Aritinngithigh,,,,,,1,0,-1,,,Northern (#5),/Users/i2/Downloads/Polygon Coordinates for Australian languages 3.0 1.kml|layername=Northern (#5)
74,Muthanthi,,,,,,1,0,-1,,,Northern (#5),/Users/i2/Downloads/Polygon Coordinates for Australian languages 3.0 1.kml|layername=Northern (#5)
75,Uradhi,,,,,,1,0,-1,,,Northern (#5),/Users/i2/Downloads/Polygon Coordinates for Australian languages 3.0 1.kml|layername=Northern (#5)
76,Yupngayth,,,,,,1,0,-1,,,Northern (#5),/Users/i2/Downloads/Polygon Coordinates for Australian languages 3.0 1.kml|layername=Northern (#5)
77,Ndra'ngith,,,,,,1,0,-1,,,Northern (#5),/Users/i2/Downloads/Polygon Coordinates for Australian languages 3.0 1.kml|layername=Northern (#5)
78,Alngith,,,,,,1,0,-1,,,Northern (#5),/Users/i2/Downloads/Polygon Coordinates for Australian languages 3.0 1.kml|layername=Northern (#5)
79,Bandjigali,,,,,,1,0,-1,,,Paakintyi,/Users/i2/Downloads/Polygon Coordinates for Australian languages 3.0 1.kml|layername=Paakintyi
80,Malak Malak,,,,,,1,0,-1,,,Northern Daly,/Users/i2/Downloads/Polygon Coordinates for Australian languages 3.0 1.kml|layername=Northern Daly
81,Kukatja,,,,,,1,0,-1,,,Northern (#2),/Users/i2/Downloads/Polygon Coordinates for Australian languages 3.0 1.kml|layername=Northern (#2)
82,Yulparija,,,,,,1,0,-1,,,Northern (#2),/Users/i2/Downloads/Polygon Coordinates for Australian languages 3.0 1.kml|layername=Northern (#2)
83,Nyaki Nyaki,,,,,,1,0,-1,,,Northern (#3),/Users/i2/Downloads/Polygon Coordinates for Australian languages 3.0 1.kml|layername=Northern (#3)
84,Nganakarti,,,,,,1,0,-1,,,Northern (#3),/Users/i2/Downloads/Polygon Coordinates for Australian languages 3.0 1.kml|layername=Northern (#3)
85,Balardung,,,,,,1,0,-1,,,Northern (#3),/Users/i2/Downloads/Polygon Coordinates for Australian languages 3.0 1.kml|layername=Northern (#3)
86,Wajuk,,,,,,1,0,-1,,,Northern (#3),/Users/i2/Downloads/Polygon Coordinates for Australian languages 3.0 1.kml|layername=Northern (#3)
87,Kukatj,,,,,,1,0,-1,,,Northern (#4),/Users/i2/Downloads/Polygon Coordinates for Australian languages 3.0 1.kml|layername=Northern (#4)
88,Amangu,,,,,,1,0,-1,,,Northern (#3),/Users/i2/Downloads/Polygon Coordinates for Australian languages 3.0 1.kml|layername=Northern (#3)
89,Wuthathi,,,,,,1,0,-1,,,Northern (#5),/Users/i2/Downloads/Polygon Coordinates for Australian languages 3.0 1.kml|layername=Northern (#5)
90,Mpalityan,Changed from Mpalitjanh,,,,,1,0,-1,,,Northern (#5),/Users/i2/Downloads/Polygon Coordinates for Australian languages 3.0 1.kml|layername=Northern (#5)
91,Mpakwithi,,,,,,1,0,-1,,,Northern (#5),/Users/i2/Downloads/Polygon Coordinates for Australian languages 3.0 1.kml|layername=Northern (#5)
92,Atampaya,,,,,,1,0,-1,,,Northern (#5),/Users/i2/Downloads/Polygon Coordinates for Australian languages 3.0 1.kml|layername=Northern (#5)
93,Angkamuthi,,,,,,1,0,-1,,,Northern (#5),/Users/i2/Downloads/Polygon Coordinates for Australian languages 3.0 1.kml|layername=Northern (#5)
94,Awngthim,,,,,,1,0,-1,,,Northern (#5),/Users/i2/Downloads/Polygon Coordinates for Australian languages 3.0 1.kml|layername=Northern (#5)
95,Gudang,,,,,,1,0,-1,,,Northern (#5),/Users/i2/Downloads/Polygon Coordinates for Australian languages 3.0 1.kml|layername=Northern (#5)
96,Luthigh,,,,,,1,0,-1,,,Northern (#5),/Users/i2/Downloads/Polygon Coordinates for Australian languages 3.0 1.kml|layername=Northern (#5)
97,Duungidjawu,,,,,,1,0,-1,,,Waka-Kabi,/Users/i2/Downloads/Polygon Coordinates for Australian languages 3.0 1.kml|layername=Waka-Kabi
98,WakaWaka,,,,,,1,0,-1,,,Waka-Kabi,/Users/i2/Downloads/Polygon Coordinates for Australian languages 3.0 1.kml|layername=Waka-Kabi
99,Guweng,,,,,,1,0,-1,,,Waka-Kabi,/Users/i2/Downloads/Polygon Coordinates for Australian languages 3.0 1.kml|layername=Waka-Kabi
100,Batyala,,,,,,1,0,-1,,,Waka-Kabi,/Users/i2/Downloads/Polygon Coordinates for Australian languages 3.0 1.kml|layername=Waka-Kabi
101,GoorengGooreng,,,,,,1,0,-1,,,Waka-Kabi,/Users/i2/Downloads/Polygon Coordinates for Australian languages 3.0 1.kml|layername=Waka-Kabi
102,Gubbi Gubbi,,,,,,1,0,-1,,,Waka-Kabi,/Users/i2/Downloads/Polygon Coordinates for Australian languages 3.0 1.kml|layername=Waka-Kabi
103,Yangman,,,,,,1,0,-1,,,Wardaman,/Users/i2/Downloads/Polygon Coordinates for Australian languages 3.0 1.kml|layername=Wardaman
104,Wardaman,,,,,,1,0,-1,,,Wardaman,/Users/i2/Downloads/Polygon Coordinates for Australian languages 3.0 1.kml|layername=Wardaman
105,Warluwarra,,,,,,1,0,-1,,,Warluwarric,/Users/i2/Downloads/Polygon Coordinates for Australian languages 3.0 1.kml|layername=Warluwarric
106,Dagoman,,,,,,1,0,-1,,,Wardaman,/Users/i2/Downloads/Polygon Coordinates for Australian languages 3.0 1.kml|layername=Wardaman
107,Bularnu,,,,,,1,0,-1,,,Warluwarric,/Users/i2/Downloads/Polygon Coordinates for Australian languages 3.0 1.kml|layername=Warluwarric
108,Yanyuwa,,,,,,1,0,-1,,,Warluwarric,/Users/i2/Downloads/Polygon Coordinates for Australian languages 3.0 1.kml|layername=Warluwarric
109,Yindjilandji,,,,,,1,0,-1,,,Warluwarric,/Users/i2/Downloads/Polygon Coordinates for Australian languages 3.0 1.kml|layername=Warluwarric
110,Wakaya,,,,,,1,0,-1,,,Warluwarric,/Users/i2/Downloads/Polygon Coordinates for Australian languages 3.0 1.kml|layername=Warluwarric
111,Warumungu,,,,,,1,0,-1,,,Warumungic,/Users/i2/Downloads/Polygon Coordinates for Australian languages 3.0 1.kml|layername=Western
113,Wirangu,,,,,,1,0,-1,,,Thura-Yura,/Users/i2/Downloads/Polygon Coordinates for Australian languages 3.0 1.kml|layername=Thura-Yura
114,Guyani,,,,,,1,0,-1,,,Thura-Yura,/Users/i2/Downloads/Polygon Coordinates for Australian languages 3.0 1.kml|layername=Thura-Yura
115,Guwar,,,,,,1,0,-1,,,Turubulic,/Users/i2/Downloads/Polygon Coordinates for Australian languages 3.0 1.kml|layername=Turubulic
116,Nunukal,"Related to yagara, given by Tindale as the name of the Northern group of Stradbroke Island. (changed from Nukunul to Nunukal per Bill Pascoe)",,,,,1,0,-1,,,Turubulic,/Users/i2/Downloads/Polygon Coordinates for Australian languages 3.0 1.kml|layername=Turubulic
117,Yagara,,,,,,1,0,-1,,,Turubulic,/Users/i2/Downloads/Polygon Coordinates for Australian languages 3.0 1.kml|layername=Turubulic
119,Turrbul,,,,,,1,0,-1,,,Turubulic,/Users/i2/Downloads/Polygon Coordinates for Australian languages 3.0 1.kml|layername=Turubulic
120,Janday,"Djindewal, Jandai",,,,,1,0,-1,,,Turubulic,/Users/i2/Downloads/Polygon Coordinates for Australian languages 3.0 1.kml|layername=Turubulic
121,Umbugarla,,,,,,1,0,-1,,,Umbugarlan,/Users/i2/Downloads/Polygon Coordinates for Australian languages 3.0 1.kml|layername=Umbugarlan
122,Ngaduk,"In Birch's 2006 map, Ngaduk is also shown on the Western side of the river, north of Gonbudj.",,,,,1,0,-1,,,Umbugarlan,/Users/i2/Downloads/Polygon Coordinates for Australian languages 3.0 1.kml|layername=Umbugarlan
123,Ngomburr,,,,,,1,0,-1,,,Umbugarlan,/Users/i2/Downloads/Polygon Coordinates for Australian languages 3.0 1.kml|layername=Umbugarlan
124,Bukurnidja,,,,,,1,0,-1,,,Umbugarlan,/Users/i2/Downloads/Polygon Coordinates for Australian languages 3.0 1.kml|layername=Umbugarlan
125,Wuli Wuli,,,,,,1,0,-1,,,Waka-Kabi,/Users/i2/Downloads/Polygon Coordinates for Australian languages 3.0 1.kml|layername=Waka-Kabi
126,Gonbudj,,,,,,1,0,-1,,,Umbugarlan,/Users/i2/Downloads/Polygon Coordinates for Australian languages 3.0 1.kml|layername=Umbugarlan
127,Bayali,,,,,,1,0,-1,,,Waka-Kabi,/Users/i2/Downloads/Polygon Coordinates for Australian languages 3.0 1.kml|layername=Waka-Kabi
128,Barunggam,,,,,,1,0,-1,,,Waka-Kabi,/Users/i2/Downloads/Polygon Coordinates for Australian languages 3.0 1.kml|layername=Waka-Kabi
129,Pinjarup,,,,,,1,0,-1,,,Southwestern,/Users/i2/Downloads/Polygon Coordinates for Australian languages 3.0 1.kml|layername=Southwestern
130,Wiilman,,,,,,1,0,-1,,,Southwestern,/Users/i2/Downloads/Polygon Coordinates for Australian languages 3.0 1.kml|layername=Southwestern
131,Wardandi,,,,,,1,0,-1,,,Southwestern,/Users/i2/Downloads/Polygon Coordinates for Australian languages 3.0 1.kml|layername=Southwestern
132,Bibbulman,,,,,,1,0,-1,,,Southwestern,/Users/i2/Downloads/Polygon Coordinates for Australian languages 3.0 1.kml|layername=Southwestern
133,Lardil,,,,,,1,0,-1,,,Tangkic,/Users/i2/Downloads/Polygon Coordinates for Australian languages 3.0 1.kml|layername=Tangkic
134,Kaniyang,,,,,,1,0,-1,,,Southwestern,/Users/i2/Downloads/Polygon Coordinates for Australian languages 3.0 1.kml|layername=Southwestern
135,Kayardild,,,,,,1,0,-1,,,Tangkic,/Users/i2/Downloads/Polygon Coordinates for Australian languages 3.0 1.kml|layername=Tangkic
136,Yukulta,,,,,,1,0,-1,,,Tangkic,/Users/i2/Downloads/Polygon Coordinates for Australian languages 3.0 1.kml|layername=Tangkic
137,Ngadjuri,,,,,,1,0,-1,,,Thura-Yura,/Users/i2/Downloads/Polygon Coordinates for Australian languages 3.0 1.kml|layername=Thura-Yura
138,Minkin,,,,,,1,0,-1,,,Tangkic,/Users/i2/Downloads/Polygon Coordinates for Australian languages 3.0 1.kml|layername=Tangkic
139,Parnkala,,,,,,1,0,-1,,,Thura-Yura,/Users/i2/Downloads/Polygon Coordinates for Australian languages 3.0 1.kml|layername=Thura-Yura
140,Nauo,,,,,,1,0,-1,,,Thura-Yura,/Users/i2/Downloads/Polygon Coordinates for Australian languages 3.0 1.kml|layername=Thura-Yura
141,Adnyamathanha,,,,,,1,0,-1,,,Thura-Yura,/Users/i2/Downloads/Polygon Coordinates for Australian languages 3.0 1.kml|layername=Thura-Yura
142,Nukunu,,,,,,1,0,-1,,,Thura-Yura,/Users/i2/Downloads/Polygon Coordinates for Australian languages 3.0 1.kml|layername=Thura-Yura
143,Narrungga,,,,,,1,0,-1,,,Thura-Yura,/Users/i2/Downloads/Polygon Coordinates for Australian languages 3.0 1.kml|layername=Thura-Yura
144,Kaurna,,,,,,1,0,-1,,,Thura-Yura,/Users/i2/Downloads/Polygon Coordinates for Australian languages 3.0 1.kml|layername=Thura-Yura
146,Wagaman,,,,,,1,0,-1,,,Southern (#3),/Users/i2/Downloads/Polygon Coordinates for Australian languages 3.0 1.kml|layername=Southern (#3)
148,Mbara,,,,,,1,0,-1,,,Southern (#3),/Users/i2/Downloads/Polygon Coordinates for Australian languages 3.0 1.kml|layername=Southern (#3)
149,Ngan'gityemerri,,,,,,1,0,-1,,,Southern Daly,/Users/i2/Downloads/Polygon Coordinates for Australian languages 3.0 1.kml|layername=Southern Daly
150,Murrinh-patha,,,,,,1,0,-1,,,Southern Daly,/Users/i2/Downloads/Polygon Coordinates for Australian languages 3.0 1.kml|layername=Southern Daly
151,Kuthant,,,,,,1,0,-1,,,Southwest (#2),/Users/i2/Downloads/Polygon Coordinates for Australian languages 3.0 1.kml|layername=Southwest (#2)
152,Mirning,Spelling of the language name changed from Mirrniny per Doug Marmion.,,,,,1,0,-1,,,Southwest,/Users/i2/Downloads/Polygon Coordinates for Australian languages 3.0 1.kml|layername=Southwest
153,Kurtjar,,,,,,1,0,-1,,,Southwest (#2),/Users/i2/Downloads/Polygon Coordinates for Australian languages 3.0 1.kml|layername=Southwest (#2)
154,Uw-Olgol,,,,,,1,0,-1,,,Southwest (#2),/Users/i2/Downloads/Polygon Coordinates for Australian languages 3.0 1.kml|layername=Southwest (#2)
155,Koknar,,,,,,1,0,-1,,,Southwest (#2),/Users/i2/Downloads/Polygon Coordinates for Australian languages 3.0 1.kml|layername=Southwest (#2)
158,Koko Bera,,,,,,1,0,-1,,,Southwest (#2),/Users/i2/Downloads/Polygon Coordinates for Australian languages 3.0 1.kml|layername=Southwest (#2)
160,Yir Yoront,,,,,,1,0,-1,,,Southwest (#2),/Users/i2/Downloads/Polygon Coordinates for Australian languages 3.0 1.kml|layername=Southwest (#2)
161,Malyangapa,,,,,,1,0,-1,,,Yardli,/Users/i2/Downloads/Polygon Coordinates for Australian languages 3.0 1.kml|layername=Yardli
162,Kuku Yalanji,,,,,,1,0,-1,,,Yalanjic,/Users/i2/Downloads/Polygon Coordinates for Australian languages 3.0 1.kml|layername=Yalanjic
163,Wadikali,,,,,,1,0,-1,,,Yardli,/Users/i2/Downloads/Polygon Coordinates for Australian languages 3.0 1.kml|layername=Yardli
164,Yardliyawarra,,,,,,1,0,-1,,,Yardli,/Users/i2/Downloads/Polygon Coordinates for Australian languages 3.0 1.kml|layername=Yardli
165,Yidiny,,,,,,1,0,-1,,,Yidinyic,/Users/i2/Downloads/Polygon Coordinates for Australian languages 3.0 1.kml|layername=Yidinyic
166,Djabugay,,,,,,1,0,-1,,,Yidinyic,/Users/i2/Downloads/Polygon Coordinates for Australian languages 3.0 1.kml|layername=Yidinyic
167,YortaYorta,,,,,,1,0,-1,,,Yotayotic,/Users/i2/Downloads/Polygon Coordinates for Australian languages 3.0 1.kml|layername=Yotayotic
168,YabulaYabula,,,,,,1,0,-1,,,Yotayotic,/Users/i2/Downloads/Polygon Coordinates for Australian languages 3.0 1.kml|layername=Yotayotic
169,Ngarigu,,,,,,1,0,-1,,,Yuin,/Users/i2/Downloads/Polygon Coordinates for Australian languages 3.0 1.kml|layername=Yuin
170,Thawa,,,,,,1,0,-1,,,Yuin,/Users/i2/Downloads/Polygon Coordinates for Australian languages 3.0 1.kml|layername=Yuin
171,Dharawal,,,,,,1,0,-1,,,Yuin,/Users/i2/Downloads/Polygon Coordinates for Australian languages 3.0 1.kml|layername=Yuin
172,Ngunawal,,,,,,1,0,-1,,,Yuin,/Users/i2/Downloads/Polygon Coordinates for Australian languages 3.0 1.kml|layername=Yuin
173,Dhurga,,,,,,1,0,-1,,,Yuin,/Users/i2/Downloads/Polygon Coordinates for Australian languages 3.0 1.kml|layername=Yuin
174,Gundungurra,,,,,,1,0,-1,,,Yuin,/Users/i2/Downloads/Polygon Coordinates for Australian languages 3.0 1.kml|layername=Yuin
175,Djirringany,,,,,,1,0,-1,,,Yuin,/Users/i2/Downloads/Polygon Coordinates for Australian languages 3.0 1.kml|layername=Yuin
176,Nyulnyul,,,,,,1,0,-1,,,WesternNyulnyulan,/Users/i2/Downloads/Polygon Coordinates for Australian languages 3.0 1.kml|layername=WesternNyulnyulan
177,Kalaw Kawaw Ya,,,,,,1,0,-1,,,Western Torres,/Users/i2/Downloads/Polygon Coordinates for Australian languages 3.0 1.kml|layername=Western Torres
178,Nimanburu,,,,,,1,0,-1,,,WesternNyulnyulan,/Users/i2/Downloads/Polygon Coordinates for Australian languages 3.0 1.kml|layername=WesternNyulnyulan
179,Jawi,,,,,,1,0,-1,,,WesternNyulnyulan,/Users/i2/Downloads/Polygon Coordinates for Australian languages 3.0 1.kml|layername=WesternNyulnyulan
180,Bardi,,,,,,1,0,-1,,,WesternNyulnyulan,/Users/i2/Downloads/Polygon Coordinates for Australian languages 3.0 1.kml|layername=WesternNyulnyulan
181,Jabirrjabirr,,,,,,1,0,-1,,,WesternNyulnyulan,/Users/i2/Downloads/Polygon Coordinates for Australian languages 3.0 1.kml|layername=WesternNyulnyulan
182,Umiida,,,,,,1,0,-1,,,Worrorric,/Users/i2/Downloads/Polygon Coordinates for Australian languages 3.0 1.kml|layername=Worrorric
183,Unggumi,,,,,,1,0,-1,,,Worrorric,/Users/i2/Downloads/Polygon Coordinates for Australian languages 3.0 1.kml|layername=Worrorric
184,Yawijibaya,,,,,,1,0,-1,,,Worrorric,/Users/i2/Downloads/Polygon Coordinates for Australian languages 3.0 1.kml|layername=Worrorric
185,Worrorra,,,,,,1,0,-1,,,Worrorric,/Users/i2/Downloads/Polygon Coordinates for Australian languages 3.0 1.kml|layername=Worrorric
186,Kwini,,,,,,1,0,-1,,,Wunambalic,/Users/i2/Downloads/Polygon Coordinates for Australian languages 3.0 1.kml|layername=Wunambalic
187,Unggarranggu,,,,,,1,0,-1,,,Worrorric,/Users/i2/Downloads/Polygon Coordinates for Australian languages 3.0 1.kml|layername=Worrorric
188,Gamberre,,,,,,1,0,-1,,,Wunambalic,/Users/i2/Downloads/Polygon Coordinates for Australian languages 3.0 1.kml|layername=Wunambalic
189,Wunambal,,,,,,1,0,-1,,,Wunambalic,/Users/i2/Downloads/Polygon Coordinates for Australian languages 3.0 1.kml|layername=Wunambalic
191,Muluriji,,,,,,1,0,-1,,,Yalanjic,/Users/i2/Downloads/Polygon Coordinates for Australian languages 3.0 1.kml|layername=Yalanjic
192,Jardwadjali,,,,,,1,0,-1,,,Western Kulin,/Users/i2/Downloads/Polygon Coordinates for Australian languages 3.0 1.kml|layername=Western Kulin
193,Tjapwurrung,,,,,,1,0,-1,,,Western Kulin,/Users/i2/Downloads/Polygon Coordinates for Australian languages 3.0 1.kml|layername=Western Kulin
194,Djadjawurung,,,,,,1,0,-1,,,Western Kulin,/Users/i2/Downloads/Polygon Coordinates for Australian languages 3.0 1.kml|layername=Western Kulin
195,Baraba Baraba,,,,,,1,0,-1,,,Western Kulin,/Users/i2/Downloads/Polygon Coordinates for Australian languages 3.0 1.kml|layername=Western Kulin
196,MathiMathi,,,,,,1,0,-1,,,Western Kulin,/Users/i2/Downloads/Polygon Coordinates for Australian languages 3.0 1.kml|layername=Western Kulin
197,Nari Nari,,,,,,1,0,-1,,,Western Kulin,/Users/i2/Downloads/Polygon Coordinates for Australian languages 3.0 1.kml|layername=Western Kulin
198,WathiWathi,"Wadi wadi (Not to be confused with Wodi Wodi, which is a Yuin-Kuri language)",,,,,1,0,-1,,,Western Kulin,/Users/i2/Downloads/Polygon Coordinates for Australian languages 3.0 1.kml|layername=Western Kulin
199,Warrnambool,,,,,,1,0,-1,,,Western Kulin,/Users/i2/Downloads/Polygon Coordinates for Australian languages 3.0 1.kml|layername=Western Kulin
200,Wotjobaluk,,,,,,1,0,-1,,,Western Kulin,/Users/i2/Downloads/Polygon Coordinates for Australian languages 3.0 1.kml|layername=Western Kulin
201,Wemba Wemba,,,,,,1,0,-1,,,Western Kulin,/Users/i2/Downloads/Polygon Coordinates for Australian languages 3.0 1.kml|layername=Western Kulin
202,Ngaliwuru,,,,,,1,0,-1,,,Western Mirndi,/Users/i2/Downloads/Polygon Coordinates for Australian languages 3.0 1.kml|layername=Western Mirndi
203,Yari-Yari,,,,,,1,0,-1,,,Western Kulin,/Users/i2/Downloads/Polygon Coordinates for Australian languages 3.0 1.kml|layername=Western Kulin
204,Jaminjung,,,,,,1,0,-1,,,Western Mirndi,/Users/i2/Downloads/Polygon Coordinates for Australian languages 3.0 1.kml|layername=Western Mirndi
205,Nungali,,,,,,1,0,-1,,,Western Mirndi,/Users/i2/Downloads/Polygon Coordinates for Australian languages 3.0 1.kml|layername=Western Mirndi
206,Kala Lagaw Ya,,,,,,1,0,-1,,,Western Torres,/Users/i2/Downloads/Polygon Coordinates for Australian languages 3.0 1.kml|layername=Western Torres
207,Mabuiag,,,,,,1,0,-1,,,Western Torres,/Users/i2/Downloads/Polygon Coordinates for Australian languages 3.0 1.kml|layername=Western Torres
208,Magati Ke,,,,,,1,0,-1,,,Western Daly,/Users/i2/Downloads/Polygon Coordinates for Australian languages 3.0 1.kml|layername=Western Daly
209,Marramaninyshi,,,,,,1,0,-1,,,Western Daly,/Users/i2/Downloads/Polygon Coordinates for Australian languages 3.0 1.kml|layername=Western Daly
210,Marrithiyel,,,,,,1,0,-1,,,Western Daly,/Users/i2/Downloads/Polygon Coordinates for Australian languages 3.0 1.kml|layername=Western Daly
211,Emmi,also known as Maranunggu,,,,,1,0,-1,,,Western Daly,/Users/i2/Downloads/Polygon Coordinates for Australian languages 3.0 1.kml|layername=Western Daly
212,Marringarr,,,,,,1,0,-1,,,Western Daly,/Users/i2/Downloads/Polygon Coordinates for Australian languages 3.0 1.kml|layername=Western Daly
213,Giyug,,,,,,1,0,-1,,,Western Daly,/Users/i2/Downloads/Polygon Coordinates for Australian languages 3.0 1.kml|layername=Western Daly
214,Ngalia,,,,,,1,0,-1,,,Western Desert (Wati),/Users/i2/Downloads/Polygon Coordinates for Australian languages 3.0 1.kml|layername=Western Desert (Wati)
215,Warnman,,,,,,1,0,-1,,,Western Desert (Wati),/Users/i2/Downloads/Polygon Coordinates for Australian languages 3.0 1.kml|layername=Western Desert (Wati)
216,Pitjantjatjara,,,,,,1,0,-1,,,Western Desert (Wati),/Users/i2/Downloads/Polygon Coordinates for Australian languages 3.0 1.kml|layername=Western Desert (Wati)
217,Ngaanyatjarra,,,,,,1,0,-1,,,Western Desert (Wati),/Users/i2/Downloads/Polygon Coordinates for Australian languages 3.0 1.kml|layername=Western Desert (Wati)
218,PintupiLuritja,,,,,,1,0,-1,,,Western Desert (Wati),/Users/i2/Downloads/Polygon Coordinates for Australian languages 3.0 1.kml|layername=Western Desert (Wati)
219,Yankunytjatjara,,,,,,1,0,-1,,,Western Desert (Wati),/Users/i2/Downloads/Polygon Coordinates for Australian languages 3.0 1.kml|layername=Western Desert (Wati)
220,Kartujarra,,,,,,1,0,-1,,,Western Desert (Wati),/Users/i2/Downloads/Polygon Coordinates for Australian languages 3.0 1.kml|layername=Western Desert (Wati)
222,Ladji Ladji,,,,,,1,0,-1,,,Western Kulin,/Users/i2/Downloads/Polygon Coordinates for Australian languages 3.0 1.kml|layername=Western Kulin
223,Putijarra,,,,,,1,0,-1,,,Western Desert (Wati),/Users/i2/Downloads/Polygon Coordinates for Australian languages 3.0 1.kml|layername=Western Desert (Wati)
224,Yiman,,,,,,1,0,-1,,,East Maric,/Users/i2/Downloads/Polygon Coordinates for Australian languages 3.0 1.kml|layername=East Maric
225,Yangga,,,,,,1,0,-1,,,East Maric,/Users/i2/Downloads/Polygon Coordinates for Australian languages 3.0 1.kml|layername=East Maric
226,Ganulu,,,,,,1,0,-1,,,East Maric,/Users/i2/Downloads/Polygon Coordinates for Australian languages 3.0 1.kml|layername=East Maric
227,Barada,,,,,,1,0,-1,,,East Maric,/Users/i2/Downloads/Polygon Coordinates for Australian languages 3.0 1.kml|layername=East Maric
228,Yilba,,,,,,1,0,-1,,,East Maric,/Users/i2/Downloads/Polygon Coordinates for Australian languages 3.0 1.kml|layername=East Maric
229,Gangulu,,,,,,1,0,-1,,,East Maric,/Users/i2/Downloads/Polygon Coordinates for Australian languages 3.0 1.kml|layername=East Maric
230,Gayiri,,,,,,1,0,-1,,,East Maric,/Users/i2/Downloads/Polygon Coordinates for Australian languages 3.0 1.kml|layername=East Maric
231,Biri,,,,,,1,0,-1,,,East Maric,/Users/i2/Downloads/Polygon Coordinates for Australian languages 3.0 1.kml|layername=East Maric
232,Kokatha,,,,,,1,0,-1,,,Eastern,/Users/i2/Downloads/Polygon Coordinates for Australian languages 3.0 1.kml|layername=Eastern
233,Antakirinya,,,,,,1,0,-1,,,Eastern,/Users/i2/Downloads/Polygon Coordinates for Australian languages 3.0 1.kml|layername=Eastern
234,Matngele,,,,,,1,0,-1,,,Eastern Daly,/Users/i2/Downloads/Polygon Coordinates for Australian languages 3.0 1.kml|layername=Eastern Daly
235,Kamu,,,,,,1,0,-1,,,Eastern Daly,/Users/i2/Downloads/Polygon Coordinates for Australian languages 3.0 1.kml|layername=Eastern Daly
236,Boonwurrung,,,,,,1,0,-1,,,Eastern Kulin,/Users/i2/Downloads/Polygon Coordinates for Australian languages 3.0 1.kml|layername=Eastern Kulin
237,Daungwurrung,,,,,,1,0,-1,,,Eastern Kulin,/Users/i2/Downloads/Polygon Coordinates for Australian languages 3.0 1.kml|layername=Eastern Kulin
238,Ngarnka,,,,,,1,0,-1,,,Eastern Mirndi,/Users/i2/Downloads/Polygon Coordinates for Australian languages 3.0 1.kml|layername=Eastern Mirndi
239,Woiwurrung,,,,,,1,0,-1,,,Eastern Kulin,/Users/i2/Downloads/Polygon Coordinates for Australian languages 3.0 1.kml|layername=Eastern Kulin
240,Djirbal,,,,,,1,0,-1,,,Dyirbalic,/Users/i2/Downloads/Polygon Coordinates for Australian languages 3.0 1.kml|layername=Dyirbalic
241,Guwinal,"name is doubtful, can't find in current sources",,,,,1,0,-1,,,Dharumbal,/Users/i2/Downloads/Polygon Coordinates for Australian languages 3.0 1.kml|layername=Dharumbal
242,Warrgamay,,,,,,1,0,-1,,,Dyirbalic,/Users/i2/Downloads/Polygon Coordinates for Australian languages 3.0 1.kml|layername=Dyirbalic
243,Nyawaygi,,,,,,1,0,-1,,,Dyirbalic,/Users/i2/Downloads/Polygon Coordinates for Australian languages 3.0 1.kml|layername=Dyirbalic
244,Wubuy,,,,,,1,0,-1,,,East Arnhem,/Users/i2/Downloads/Polygon Coordinates for Australian languages 3.0 1.kml|layername=East Arnhem
245,Wulguru,,,,,,1,0,-1,,,Dyirbalic,/Users/i2/Downloads/Polygon Coordinates for Australian languages 3.0 1.kml|layername=Dyirbalic
246,Ngandi,,,,,,1,0,-1,,,East Arnhem,/Users/i2/Downloads/Polygon Coordinates for Australian languages 3.0 1.kml|layername=East Arnhem
247,Anindilyakwa,,,,,,1,0,-1,,,East Arnhem,/Users/i2/Downloads/Polygon Coordinates for Australian languages 3.0 1.kml|layername=East Arnhem
248,Wiri,,,,,,1,0,-1,,,East Maric,/Users/i2/Downloads/Polygon Coordinates for Australian languages 3.0 1.kml|layername=East Maric
249,Yuwi,Horton name for Wiri (dialect of Biri),,,,,1,0,-1,,,East Maric,/Users/i2/Downloads/Polygon Coordinates for Australian languages 3.0 1.kml|layername=East Maric
250,Garingbal,,,,,,1,0,-1,,,East Maric,/Users/i2/Downloads/Polygon Coordinates for Australian languages 3.0 1.kml|layername=East Maric
251,Barna,,,,,,1,0,-1,,,East Maric,/Users/i2/Downloads/Polygon Coordinates for Australian languages 3.0 1.kml|layername=East Maric
252,Yambina,,,,,,1,0,-1,,,East Maric,/Users/i2/Downloads/Polygon Coordinates for Australian languages 3.0 1.kml|layername=East Maric
253,Wadjigu,,,,,,1,0,-1,,,East Maric,/Users/i2/Downloads/Polygon Coordinates for Australian languages 3.0 1.kml|layername=East Maric
254,Gabalbara,,,,,,1,0,-1,,,East Maric,/Users/i2/Downloads/Polygon Coordinates for Australian languages 3.0 1.kml|layername=East Maric
255,Wangan,,,,,,1,0,-1,,,East Maric,/Users/i2/Downloads/Polygon Coordinates for Australian languages 3.0 1.kml|layername=East Maric
256,Bunuba,,,,,,1,0,-1,,,Bunaban,/Users/i2/Downloads/Polygon Coordinates for Australian languages 3.0 1.kml|layername=Bunaban
257,Gooniyandi,,,,,,1,0,-1,,,Bunaban,/Users/i2/Downloads/Polygon Coordinates for Australian languages 3.0 1.kml|layername=Bunaban
258,Dhuwal,,,,,,1,0,-1,,,Central,/Users/i2/Downloads/Polygon Coordinates for Australian languages 3.0 1.kml|layername=Central
259,Dhuwala,,,,,,1,0,-1,,,Central,/Users/i2/Downloads/Polygon Coordinates for Australian languages 3.0 1.kml|layername=Central
261,Dhay'yi,,,,,,1,0,-1,,,Central,/Users/i2/Downloads/Polygon Coordinates for Australian languages 3.0 1.kml|layername=Central
262,Wiradjuri,,,,,,1,0,-1,,,Central-NSW,/Users/i2/Downloads/Polygon Coordinates for Australian languages 3.0 1.kml|layername=Central-NSW
263,Ngiyambaa,,,,,,1,0,-1,,,Central-NSW,/Users/i2/Downloads/Polygon Coordinates for Australian languages 3.0 1.kml|layername=Central-NSW
264,Yuwaliyaay,,,,,,1,0,-1,,,Central-NSW,/Users/i2/Downloads/Polygon Coordinates for Australian languages 3.0 1.kml|layername=Central-NSW
265,Gamilaraay,,,,,,1,0,-1,,,Central-NSW,/Users/i2/Downloads/Polygon Coordinates for Australian languages 3.0 1.kml|layername=Central-NSW
266,Yuwaalaraay,,,,,,1,0,-1,,,Central-NSW,/Users/i2/Downloads/Polygon Coordinates for Australian languages 3.0 1.kml|layername=Central-NSW
268,Limilngan,,,,,,1,0,-1,,,Darwin Region,/Users/i2/Downloads/Polygon Coordinates for Australian languages 3.0 1.kml|layername=Darwin Region
269,Wailwan,Treated by Donaldson as the Northern dialect of Ngiyambaa,,,,,1,0,-1,,,Central-NSW,/Users/i2/Downloads/Polygon Coordinates for Australian languages 3.0 1.kml|layername=Central-NSW
270,Dharumbal,Distant sister to Mbabaram in BBA 2018,,,,,1,0,-1,,,Dharumbal,/Users/i2/Downloads/Polygon Coordinates for Australian languages 3.0 1.kml|layername=Dharumbal
271,Kingkel,,,,,,1,0,-1,,,Dharumbal,/Users/i2/Downloads/Polygon Coordinates for Australian languages 3.0 1.kml|layername=Dharumbal
272,Batjjamalh,,,,,,1,0,-1,,,Anson Bay,/Users/i2/Downloads/Polygon Coordinates for Australian languages 3.0 1.kml|layername=Anson Bay
273,Alyawarr,,,,,,1,0,-1,,,Arandic,/Users/i2/Downloads/Polygon Coordinates for Australian languages 3.0 1.kml|layername=Arandic
274,Anmatyerre,,,,,,1,0,-1,,,Arandic,/Users/i2/Downloads/Polygon Coordinates for Australian languages 3.0 1.kml|layername=Arandic
275,Ayerreyenge,,,,,,1,0,-1,,,Arandic,/Users/i2/Downloads/Polygon Coordinates for Australian languages 3.0 1.kml|layername=Arandic
276,Antekerrepenhe,,,,,,1,0,-1,,,Arandic,/Users/i2/Downloads/Polygon Coordinates for Australian languages 3.0 1.kml|layername=Arandic
277,Lower Aranda,,,,,,1,0,-1,,,Arandic,/Users/i2/Downloads/Polygon Coordinates for Australian languages 3.0 1.kml|layername=Arandic
278,Kaytetye,,,,,,1,0,-1,,,Arandic,/Users/i2/Downloads/Polygon Coordinates for Australian languages 3.0 1.kml|layername=Arandic
279,WesternArrarnta,,,,,,1,0,-1,,,Arandic,/Users/i2/Downloads/Polygon Coordinates for Australian languages 3.0 1.kml|layername=Arandic
280,Central Arrernte,,,,,,1,0,-1,,,Arandic,/Users/i2/Downloads/Polygon Coordinates for Australian languages 3.0 1.kml|layername=Arandic
281,Minjangbal,,,,,,1,0,-1,,,Bandjalangic,/Users/i2/Downloads/Polygon Coordinates for Australian languages 3.0 1.kml|layername=Bandjalangic
282,Eastern Arrernte,,,,,,1,0,-1,,,Arandic,/Users/i2/Downloads/Polygon Coordinates for Australian languages 3.0 1.kml|layername=Arandic
283,Waalubal,,,,,,1,0,-1,,,Bandjalangic,/Users/i2/Downloads/Polygon Coordinates for Australian languages 3.0 1.kml|layername=Bandjalangic
284,Githabul,,,,,,1,0,-1,,,Bandjalangic,/Users/i2/Downloads/Polygon Coordinates for Australian languages 3.0 1.kml|layername=Bandjalangic
285,Yugambal,,,,,,1,0,-1,,,Bigambal,/Users/i2/Downloads/Polygon Coordinates for Australian languages 3.0 1.kml|layername=Bigambal
286,Bigambal,,,,,,1,0,-1,,,Bigambal,/Users/i2/Downloads/Polygon Coordinates for Australian languages 3.0 1.kml|layername=Bigambal
287,Purduna,,,,,,1,0,-1,,,Kanyara,/Users/i2/Downloads/Polygon Coordinates for Australian languages 3.0 1.kml|layername=Kanyara
288,Pinikura,,,,,,1,0,-1,,,Kanyara,/Users/i2/Downloads/Polygon Coordinates for Australian languages 3.0 1.kml|layername=Kanyara
289,Thalanyji,,,,,,1,0,-1,,,Kanyara,/Users/i2/Downloads/Polygon Coordinates for Australian languages 3.0 1.kml|layername=Kanyara
290,Payungu,,,,,,1,0,-1,,,Kanyara,/Users/i2/Downloads/Polygon Coordinates for Australian languages 3.0 1.kml|layername=Kanyara
291,PittaPitta,,,,,,1,0,-1,,,Karnic,/Users/i2/Downloads/Polygon Coordinates for Australian languages 3.0 1.kml|layername=Karnic
292,Maya,,,,,,1,0,-1,,,Kanyara,/Users/i2/Downloads/Polygon Coordinates for Australian languages 3.0 1.kml|layername=Kanyara
293,Mayawali,,,,,,1,0,-1,,,Karnic,/Users/i2/Downloads/Polygon Coordinates for Australian languages 3.0 1.kml|layername=Karnic
294,Wangkayutyuru,,,,,,1,0,-1,,,Karnic,/Users/i2/Downloads/Polygon Coordinates for Australian languages 3.0 1.kml|layername=Karnic
295,Mithaka,,,,,,1,0,-1,,,Karnic,/Users/i2/Downloads/Polygon Coordinates for Australian languages 3.0 1.kml|layername=Karnic
296,Karuwali,,,,,,1,0,-1,,,Karnic,/Users/i2/Downloads/Polygon Coordinates for Australian languages 3.0 1.kml|layername=Karnic
297,Karangura,,,,,,1,0,-1,,,Karnic,/Users/i2/Downloads/Polygon Coordinates for Australian languages 3.0 1.kml|layername=Karnic
298,Wangkangurru,,,,,,1,0,-1,,,Karnic,/Users/i2/Downloads/Polygon Coordinates for Australian languages 3.0 1.kml|layername=Karnic
299,Garlali,,,,,,1,0,-1,,,Karnic,/Users/i2/Downloads/Polygon Coordinates for Australian languages 3.0 1.kml|layername=Karnic
300,Yandruwandha,,,,,,1,0,-1,,,Karnic,/Users/i2/Downloads/Polygon Coordinates for Australian languages 3.0 1.kml|layername=Karnic
301,Yanda,,,,,,1,0,-1,,,Karnic,/Users/i2/Downloads/Polygon Coordinates for Australian languages 3.0 1.kml|layername=Karnic
302,Guwa,,,,,,1,0,-1,,,Karnic,/Users/i2/Downloads/Polygon Coordinates for Australian languages 3.0 1.kml|layername=Karnic
303,Mawng,,,,,,1,0,-1,,,Iwaidjan,/Users/i2/Downloads/Polygon Coordinates for Australian languages 3.0 1.kml|layername=Iwaidjan
304,Iwaidja,,,,,,1,0,-1,,,Iwaidjan,/Users/i2/Downloads/Polygon Coordinates for Australian languages 3.0 1.kml|layername=Iwaidjan
305,Marrgu,,,,,,1,0,-1,,,Iwaidjan,/Users/i2/Downloads/Polygon Coordinates for Australian languages 3.0 1.kml|layername=Iwaidjan
306,Wurrugu,,,,,,1,0,-1,,,Iwaidjan,/Users/i2/Downloads/Polygon Coordinates for Australian languages 3.0 1.kml|layername=Iwaidjan
307,Ilgar,,,,,,1,0,-1,,,Iwaidjan,/Users/i2/Downloads/Polygon Coordinates for Australian languages 3.0 1.kml|layername=Iwaidjan
308,Garig,,,,,,1,0,-1,,,Iwaidjan,/Users/i2/Downloads/Polygon Coordinates for Australian languages 3.0 1.kml|layername=Iwaidjan
309,Dharuk,,,,,,1,0,-1,,,Iyora,/Users/i2/Downloads/Polygon Coordinates for Australian languages 3.0 1.kml|layername=Iyora
310,Darkinyung,,,,,,1,0,-1,,,Iyora,/Users/i2/Downloads/Polygon Coordinates for Australian languages 3.0 1.kml|layername=Iyora
311,Thanggatti,,,,,,1,0,-1,,,Iyora,/Users/i2/Downloads/Polygon Coordinates for Australian languages 3.0 1.kml|layername=Iyora
312,Iyora,,,,,,1,0,-1,,,Iyora,/Users/i2/Downloads/Polygon Coordinates for Australian languages 3.0 1.kml|layername=Iyora
313,Miriwoong,,,,,,1,0,-1,,,Jarrakan,/Users/i2/Downloads/Polygon Coordinates for Australian languages 3.0 1.kml|layername=Jarrakan
314,Gija,,,,,,1,0,-1,,,Jarrakan,/Users/i2/Downloads/Polygon Coordinates for Australian languages 3.0 1.kml|layername=Jarrakan
315,Yalarnnga,,,,,,1,0,-1,,,Kalkatungic,/Users/i2/Downloads/Polygon Coordinates for Australian languages 3.0 1.kml|layername=Kalkatungic
316,Gajirrebeng,,,,,,1,0,-1,,,Jarrakan,/Users/i2/Downloads/Polygon Coordinates for Australian languages 3.0 1.kml|layername=Jarrakan
317,Thiin,,,,,,1,0,-1,,,Kanyara,/Users/i2/Downloads/Polygon Coordinates for Australian languages 3.0 1.kml|layername=Kanyara
318,Kalkatungu,,,,,,1,0,-1,,,Kalkatungic,/Users/i2/Downloads/Polygon Coordinates for Australian languages 3.0 1.kml|layername=Kalkatungic
319,Garrwa,,,,,,1,0,-1,,,Garrwan,/Users/i2/Downloads/Polygon Coordinates for Australian languages 3.0 1.kml|layername=Garrwan
320,Waanyi,,,,,,1,0,-1,,,Garrwan,/Users/i2/Downloads/Polygon Coordinates for Australian languages 3.0 1.kml|layername=Garrwan
321,Erre,,,,,,1,0,-1,,,Giimbiyu,/Users/i2/Downloads/Polygon Coordinates for Australian languages 3.0 1.kml|layername=Giimbiyu
322,Mengerrdji,,,,,,1,0,-1,,,Giimbiyu,/Users/i2/Downloads/Polygon Coordinates for Australian languages 3.0 1.kml|layername=Giimbiyu
323,Gumbaynggir,,,,,,1,0,-1,,,Gumbaynggiric,/Users/i2/Downloads/Polygon Coordinates for Australian languages 3.0 1.kml|layername=Gumbaynggiric
324,Urningangk,,,,,,1,0,-1,,,Giimbiyu,/Users/i2/Downloads/Polygon Coordinates for Australian languages 3.0 1.kml|layername=Giimbiyu
325,Baanbay,,,,,,1,0,-1,,,Gumbaynggiric,/Users/i2/Downloads/Polygon Coordinates for Australian languages 3.0 1.kml|layername=Gumbaynggiric
326,Yaygirr,,,,,,1,0,-1,,,Gumbaynggiric,/Users/i2/Downloads/Polygon Coordinates for Australian languages 3.0 1.kml|layername=Gumbaynggiric
327,Bininj Kunwok,,,,,,1,0,-1,,,Gunwinygic,/Users/i2/Downloads/Polygon Coordinates for Australian languages 3.0 1.kml|layername=Gunwinygic
328,Gunbalang,,,,,,1,0,-1,,,Gunwinygic,/Users/i2/Downloads/Polygon Coordinates for Australian languages 3.0 1.kml|layername=Gunwinygic
329,Wulwulam,,,,,,1,0,-1,,,Gunwinyguan,/Users/i2/Downloads/Polygon Coordinates for Australian languages 3.0 1.kml|layername=Gunwinyguan
330,Dalabon,,,,,,1,0,-1,,,Gunwinygic,/Users/i2/Downloads/Polygon Coordinates for Australian languages 3.0 1.kml|layername=Gunwinygic
331,Jawoyn,,,,,,1,0,-1,,,Gunwinyguan,/Users/i2/Downloads/Polygon Coordinates for Australian languages 3.0 1.kml|layername=Gunwinyguan
332,Uwinymil,,,,,,1,0,-1,,,Gunwinyguan,/Users/i2/Downloads/Polygon Coordinates for Australian languages 3.0 1.kml|layername=Gunwinyguan
333,Amurdak,,,,,,1,0,-1,,,Iwaidjan,/Users/i2/Downloads/Polygon Coordinates for Australian languages 3.0 1.kml|layername=Iwaidjan
334,Warray,,,,,,1,0,-1,,,Gunwinyguan,/Users/i2/Downloads/Polygon Coordinates for Australian languages 3.0 1.kml|layername=Gunwinyguan
335,Gudanji,,,,,,1,0,-1,,,Eastern Mirndi,/Users/i2/Downloads/Polygon Coordinates for Australian languages 3.0 1.kml|layername=Eastern Mirndi
336,Binbinka,,,,,,1,0,-1,,,Eastern Mirndi,/Users/i2/Downloads/Polygon Coordinates for Australian languages 3.0 1.kml|layername=Eastern Mirndi
337,Jingulu,,,,,,1,0,-1,,,Eastern Mirndi,/Users/i2/Downloads/Polygon Coordinates for Australian languages 3.0 1.kml|layername=Eastern Mirndi
338,Wambaya,,,,,,1,0,-1,,,Eastern Mirndi,/Users/i2/Downloads/Polygon Coordinates for Australian languages 3.0 1.kml|layername=Eastern Mirndi
339,Kurnai,,,,,,1,0,-1,,,Eastern Victoria,/Users/i2/Downloads/Polygon Coordinates for Australian languages 3.0 1.kml|layername=Eastern Victoria
340,Bidawal,,,,,,1,0,-1,,,Eastern Victoria,/Users/i2/Downloads/Polygon Coordinates for Australian languages 3.0 1.kml|layername=Eastern Victoria
341,Muk-Thang,,,,,,1,0,-1,,,Eastern Victoria,/Users/i2/Downloads/Polygon Coordinates for Australian languages 3.0 1.kml|layername=Eastern Victoria
342,Thangguai,,,,,,1,0,-1,,,Eastern Victoria,/Users/i2/Downloads/Polygon Coordinates for Australian languages 3.0 1.kml|layername=Eastern Victoria
343,Dhudhuroa,,,,,,1,0,-1,,,Eastern Victoria,/Users/i2/Downloads/Polygon Coordinates for Australian languages 3.0 1.kml|layername=Eastern Victoria
344,Nulit,,,,,,1,0,-1,,,Eastern Victoria,/Users/i2/Downloads/Polygon Coordinates for Australian languages 3.0 1.kml|layername=Eastern Victoria
345,Yawuru,,,,,,1,0,-1,,,EasternNyulnyulan,/Users/i2/Downloads/Polygon Coordinates for Australian languages 3.0 1.kml|layername=EasternNyulnyulan
346,Waywurru,,,,,,1,0,-1,,,Eastern Victoria,/Users/i2/Downloads/Polygon Coordinates for Australian languages 3.0 1.kml|layername=Eastern Victoria
347,Jukun,,,,,,1,0,-1,,,EasternNyulnyulan,/Users/i2/Downloads/Polygon Coordinates for Australian languages 3.0 1.kml|layername=EasternNyulnyulan
348,Nyikina,,,,,,1,0,-1,,,EasternNyulnyulan,/Users/i2/Downloads/Polygon Coordinates for Australian languages 3.0 1.kml|layername=EasternNyulnyulan
349,Ngumbarl,,,,,,1,0,-1,,,EasternNyulnyulan,/Users/i2/Downloads/Polygon Coordinates for Australian languages 3.0 1.kml|layername=EasternNyulnyulan
350,Warrwa,,,,,,1,0,-1,,,EasternNyulnyulan,/Users/i2/Downloads/Polygon Coordinates for Australian languages 3.0 1.kml|layername=EasternNyulnyulan
351,Warriyangga,,,,,,1,0,-1,,,Mantharta,/Users/i2/Downloads/Polygon Coordinates for Australian languages 3.0 1.kml|layername=Mantharta
352,Tharrgari,,,,,,1,0,-1,,,Mantharta,/Users/i2/Downloads/Polygon Coordinates for Australian languages 3.0 1.kml|layername=Mantharta
353,Gudjal,,,,,,1,0,-1,,,Maric,/Users/i2/Downloads/Polygon Coordinates for Australian languages 3.0 1.kml|layername=Maric
354,Alawa,,,,,,1,0,-1,,,Maran,/Users/i2/Downloads/Polygon Coordinates for Australian languages 3.0 1.kml|layername=Maran
355,Yagalingu,,,,,,1,0,-1,,,Maric,/Users/i2/Downloads/Polygon Coordinates for Australian languages 3.0 1.kml|layername=Maric
356,Miyan,,,,,,1,0,-1,,,Maric,/Users/i2/Downloads/Polygon Coordinates for Australian languages 3.0 1.kml|layername=Maric
357,Dungaloo,,,,,,1,0,-1,,,Maric,/Users/i2/Downloads/Polygon Coordinates for Australian languages 3.0 1.kml|layername=Maric
358,Giya,,,,,,1,0,-1,,,Maric,/Users/i2/Downloads/Polygon Coordinates for Australian languages 3.0 1.kml|layername=Maric
359,Yirandali,,,,,,1,0,-1,,,Maric,/Users/i2/Downloads/Polygon Coordinates for Australian languages 3.0 1.kml|layername=Maric
360,Yuru,,,,,,1,0,-1,,,Maric,/Users/i2/Downloads/Polygon Coordinates for Australian languages 3.0 1.kml|layername=Maric
361,Yugul,,,,,,1,0,-1,,,Marran,/Users/i2/Downloads/Polygon Coordinates for Australian languages 3.0 1.kml|layername=Marran
362,Bindal,,,,,,1,0,-1,,,Maric,/Users/i2/Downloads/Polygon Coordinates for Australian languages 3.0 1.kml|layername=Maric
363,Marra,,,,,,1,0,-1,,,Marran,/Users/i2/Downloads/Polygon Coordinates for Australian languages 3.0 1.kml|layername=Marran
364,Warndarrang,,,,,,1,0,-1,,,Marran,/Users/i2/Downloads/Polygon Coordinates for Australian languages 3.0 1.kml|layername=Marran
365,Nyangumarta,,,,,,1,0,-1,,,Marrngu,/Users/i2/Downloads/Polygon Coordinates for Australian languages 3.0 1.kml|layername=Marrngu
366,Karajarri,,,,,,1,0,-1,,,Marrngu,/Users/i2/Downloads/Polygon Coordinates for Australian languages 3.0 1.kml|layername=Marrngu
367,Larrakia,,,,,,1,0,-1,,,Larrakiyan,/Users/i2/Downloads/Polygon Coordinates for Australian languages 3.0 1.kml|layername=Larrakiyan
368,Wulna,,,,,,1,0,-1,,,Larrakiyan,/Users/i2/Downloads/Polygon Coordinates for Australian languages 3.0 1.kml|layername=Larrakiyan
369,Keramin,"Also Kureinji, Yari-Yari",,,,,1,0,-1,,,LowerMurray,/Users/i2/Downloads/Polygon Coordinates for Australian languages 3.0 1.kml|layername=LowerMurray
370,Ngarkat,,,,,,1,0,-1,,,LowerMurray,/Users/i2/Downloads/Polygon Coordinates for Australian languages 3.0 1.kml|layername=LowerMurray
371,Ngintait,"Also Ngindadj, Yuu-Yuu given as a reference name in Wafer and Lissarague)",,,,,1,0,-1,,,LowerMurray,/Users/i2/Downloads/Polygon Coordinates for Australian languages 3.0 1.kml|layername=LowerMurray
372,YithaYitha,,,,,,1,0,-1,,,LowerMurray,/Users/i2/Downloads/Polygon Coordinates for Australian languages 3.0 1.kml|layername=LowerMurray
373,Ngarrindjeri,,,,,,1,0,-1,,,LowerMurray,/Users/i2/Downloads/Polygon Coordinates for Australian languages 3.0 1.kml|layername=LowerMurray
374,Peramangk,,,,,,1,0,-1,,,LowerMurray,/Users/i2/Downloads/Polygon Coordinates for Australian languages 3.0 1.kml|layername=LowerMurray
375,Ngaiawang,,,,,,1,0,-1,,,LowerMurray,/Users/i2/Downloads/Polygon Coordinates for Australian languages 3.0 1.kml|layername=LowerMurray
376,Yaraldi,,,,,,1,0,-1,,,LowerMurray,/Users/i2/Downloads/Polygon Coordinates for Australian languages 3.0 1.kml|layername=LowerMurray
377,Ndjebbana,also called Gunavidji,,,,,1,0,-1,,,Maningrida,/Users/i2/Downloads/Polygon Coordinates for Australian languages 3.0 1.kml|layername=Maningrida
378,Raminyeri,,,,,,1,0,-1,,,LowerMurray,/Users/i2/Downloads/Polygon Coordinates for Australian languages 3.0 1.kml|layername=LowerMurray
379,Gurrgoni,,,,,,1,0,-1,,,Maningrida,/Users/i2/Downloads/Polygon Coordinates for Australian languages 3.0 1.kml|layername=Maningrida
380,Nakara,,,,,,1,0,-1,,,Maningrida,/Users/i2/Downloads/Polygon Coordinates for Australian languages 3.0 1.kml|layername=Maningrida
381,Jiwarli,,,,,,1,0,-1,,,Mantharta,/Users/i2/Downloads/Polygon Coordinates for Australian languages 3.0 1.kml|layername=Mantharta
382,Burarra,,,,,,1,0,-1,,,Maningrida,/Users/i2/Downloads/Polygon Coordinates for Australian languages 3.0 1.kml|layername=Maningrida
383,Kalaamaya,,,,,,1,0,-1,,,Kartu,/Users/i2/Downloads/Polygon Coordinates for Australian languages 3.0 1.kml|layername=Kartu
384,Yingkarta,,,,,,1,0,-1,,,Kartu,/Users/i2/Downloads/Polygon Coordinates for Australian languages 3.0 1.kml|layername=Kartu
385,Badimaya,,,,,,1,0,-1,,,Kartu,/Users/i2/Downloads/Polygon Coordinates for Australian languages 3.0 1.kml|layername=Kartu
386,Nhanda,,,,,,1,0,-1,,,Kartu,/Users/i2/Downloads/Polygon Coordinates for Australian languages 3.0 1.kml|layername=Kartu
387,Thaagurda,Language mentioned in Doug Marmion's honour's thesis; not otherwise attested but seems to be a separate language,,,,,1,0,-1,,,Kartu,/Users/i2/Downloads/Polygon Coordinates for Australian languages 3.0 1.kml|layername=Kartu
388,Wajarri,,,,,,1,0,-1,,,Kartu,/Users/i2/Downloads/Polygon Coordinates for Australian languages 3.0 1.kml|layername=Kartu
389,Kolakngat,Kolakngat,,,,,1,0,-1,,,Kulin,/Users/i2/Downloads/Polygon Coordinates for Australian languages 3.0 1.kml|layername=Kulin
390,Bunganditj,,,,,,1,0,-1,,,Kulin,/Users/i2/Downloads/Polygon Coordinates for Australian languages 3.0 1.kml|layername=Kulin
391,Birrpayi,,,,,,1,0,-1,,,Kuri,/Users/i2/Downloads/Polygon Coordinates for Australian languages 3.0 1.kml|layername=Kuri
392,Wathawurrung,,,,,,1,0,-1,,,Kulin,/Users/i2/Downloads/Polygon Coordinates for Australian languages 3.0 1.kml|layername=Kulin
393,Awabakal,,,,,,1,0,-1,,,Kuri,/Users/i2/Downloads/Polygon Coordinates for Australian languages 3.0 1.kml|layername=Kuri
394,Worimi,,,,,,1,0,-1,,,Kuri,/Users/i2/Downloads/Polygon Coordinates for Australian languages 3.0 1.kml|layername=Kuri
395,Aghu Tharnggala,,,,,,1,0,-1,,,Lamalamic,/Users/i2/Downloads/Polygon Coordinates for Australian languages 3.0 1.kml|layername=Lamalamic
396,Katthang,,,,,,1,0,-1,,,Kuri,/Users/i2/Downloads/Polygon Coordinates for Australian languages 3.0 1.kml|layername=Kuri
398,Lamalama,,,,,,1,0,-1,,,Lamalamic,/Users/i2/Downloads/Polygon Coordinates for Australian languages 3.0 1.kml|layername=Lamalamic
399,Nhirrpi,,,,,,1,0,-1,,,Karnic,/Users/i2/Downloads/Polygon Coordinates for Australian languages 3.0 1.kml|layername=Karnic
400,Pirlatapa,,,,,,1,0,-1,,,Karnic,/Users/i2/Downloads/Polygon Coordinates for Australian languages 3.0 1.kml|layername=Karnic
401,Diyari,,,,,,1,0,-1,,,Karnic,/Users/i2/Downloads/Polygon Coordinates for Australian languages 3.0 1.kml|layername=Karnic
402,Kungkarri,,,,,,1,0,-1,,,Karnic,/Users/i2/Downloads/Polygon Coordinates for Australian languages 3.0 1.kml|layername=Karnic
403,Yawarrawarrka,,,,,,1,0,-1,,,Karnic,/Users/i2/Downloads/Polygon Coordinates for Australian languages 3.0 1.kml|layername=Karnic
404,Pirriya,,,,,,1,0,-1,,,Karnic,/Users/i2/Downloads/Polygon Coordinates for Australian languages 3.0 1.kml|layername=Karnic
405,Yarluyandi,,,,,,1,0,-1,,,Karnic,/Users/i2/Downloads/Polygon Coordinates for Australian languages 3.0 1.kml|layername=Karnic
406,Ngamini,,,,,,1,0,-1,,,Karnic,/Users/i2/Downloads/Polygon Coordinates for Australian languages 3.0 1.kml|layername=Karnic
407,Ngantangarra,,,,,,1,0,-1,,,Karnic,/Users/i2/Downloads/Polygon Coordinates for Australian languages 3.0 1.kml|layername=Karnic
408,Wangkumara,,,,,,1,0,-1,,,Karnic,/Users/i2/Downloads/Polygon Coordinates for Australian languages 3.0 1.kml|layername=Karnic
409,Thirarri,,,,,,1,0,-1,,,Karnic,/Users/i2/Downloads/Polygon Coordinates for Australian languages 3.0 1.kml|layername=Karnic
410,Arabana,,,,,,1,0,-1,,,Karnic,/Users/i2/Downloads/Polygon Coordinates for Australian languages 3.0 1.kml|layername=Karnic
411,Malkana,,,,,,1,0,-1,,,Kartu,/Users/i2/Downloads/Polygon Coordinates for Australian languages 3.0 1.kml|layername=Kartu
412,Punthamara,,,,,,1,0,-1,,,Karnic,/Users/i2/Downloads/Polygon Coordinates for Australian languages 3.0 1.kml|layername=Karnic
413,Tharrayi,"tindale's Tedei, per Doug Marmion. Probably the same as Thirrily (Southern Yingkarta?)",,,,,1,0,-1,,,Kartu,/Users/i2/Downloads/Polygon Coordinates for Australian languages 3.0 1.kml|layername=Kartu
414,Manthi,Probably the Carnavon local group of Yingkarta (per Doug Marmion),,,,,1,0,-1,,,Kartu,/Users/i2/Downloads/Polygon Coordinates for Australian languages 3.0 1.kml|layername=Kartu
415,Wagiman,,,,,,1,0,-1,,,Non Pama-Nyungan Languages file,/Users/i2/Downloads/Polygon Coordinates for Australian languages 3.0 1.kml|layername=Non Pama-Nyungan Languages file
416,Tiwi,,,,,,1,0,-1,,,Non Pama-Nyungan Languages file,/Users/i2/Downloads/Polygon Coordinates for Australian languages 3.0 1.kml|layername=Non Pama-Nyungan Languages file
417,Gaagudju,,,,,,1,0,-1,,,Non Pama-Nyungan Languages file,/Users/i2/Downloads/Polygon Coordinates for Australian languages 3.0 1.kml|layername=Non Pama-Nyungan Languages file
418,Kungarakany,,,,,,1,0,-1,,,Non Pama-Nyungan Languages file,/Users/i2/Downloads/Polygon Coordinates for Australian languages 3.0 1.kml|layername=Non Pama-Nyungan Languages file
419,Warungu,,,,,,1,0,-1,,,North Maric,/Users/i2/Downloads/Polygon Coordinates for Australian languages 3.0 1.kml|layername=North Maric
420,Mangarrayi,,,,,,1,0,-1,,,Non Pama-Nyungan Languages file,/Users/i2/Downloads/Polygon Coordinates for Australian languages 3.0 1.kml|layername=Non Pama-Nyungan Languages file
421,Djinba,,,,,,1,0,-1,,,Northern,/Users/i2/Downloads/Polygon Coordinates for Australian languages 3.0 1.kml|layername=Northern
422,Gugu Badhun,,,,,,1,0,-1,,,North Maric,/Users/i2/Downloads/Polygon Coordinates for Australian languages 3.0 1.kml|layername=North Maric
423,Yan-nhangu,,,,,,1,0,-1,,,Northern,/Users/i2/Downloads/Polygon Coordinates for Australian languages 3.0 1.kml|layername=Northern
424,Dhangu,,,,,,1,0,-1,,,Northern,/Users/i2/Downloads/Polygon Coordinates for Australian languages 3.0 1.kml|layername=Northern
425,Djangu,,,,,,1,0,-1,,,Northern,/Users/i2/Downloads/Polygon Coordinates for Australian languages 3.0 1.kml|layername=Northern
426,Golpa,,,,,,1,0,-1,,,Northern,/Users/i2/Downloads/Polygon Coordinates for Australian languages 3.0 1.kml|layername=Northern
427,Ngardi,,,,,,1,0,-1,,,Northern (#2),/Users/i2/Downloads/Polygon Coordinates for Australian languages 3.0 1.kml|layername=Northern (#2)
428,Djinang,,,,,,1,0,-1,,,Northern,/Users/i2/Downloads/Polygon Coordinates for Australian languages 3.0 1.kml|layername=Northern
429,Manjiljarra,,,,,,1,0,-1,,,Northern (#2),/Users/i2/Downloads/Polygon Coordinates for Australian languages 3.0 1.kml|layername=Northern (#2)
430,Wangkajunga,,,,,,1,0,-1,,,Northern (#2),/Users/i2/Downloads/Polygon Coordinates for Australian languages 3.0 1.kml|layername=Northern (#2)
431,Yindjibarndi,,,,,,1,0,-1,,,Ngayarta,/Users/i2/Downloads/Polygon Coordinates for Australian languages 3.0 1.kml|layername=Ngayarta
432,Ngarla,,,,,,1,0,-1,,,Ngayarta,/Users/i2/Downloads/Polygon Coordinates for Australian languages 3.0 1.kml|layername=Ngayarta
433,Karranga,,,,,,1,0,-1,,,Ngumpin-Yapa,/Users/i2/Downloads/Polygon Coordinates for Australian languages 3.0 1.kml|layername=Ngumpin-Yapa
434,Yinhawangka,,,,,,1,0,-1,,,Ngayarta,/Users/i2/Downloads/Polygon Coordinates for Australian languages 3.0 1.kml|layername=Ngayarta
435,Bilinarra,,,,,,1,0,-1,,,Ngumpin-Yapa,/Users/i2/Downloads/Polygon Coordinates for Australian languages 3.0 1.kml|layername=Ngumpin-Yapa
436,Walmajarri,,,,,,1,0,-1,,,Ngumpin-Yapa,/Users/i2/Downloads/Polygon Coordinates for Australian languages 3.0 1.kml|layername=Ngumpin-Yapa
437,Warlpiri,,,,,,1,0,-1,,,Ngumpin-Yapa,/Users/i2/Downloads/Polygon Coordinates for Australian languages 3.0 1.kml|layername=Ngumpin-Yapa
438,Warlmanpa,,,,,,1,0,-1,,,Ngumpin-Yapa,/Users/i2/Downloads/Polygon Coordinates for Australian languages 3.0 1.kml|layername=Ngumpin-Yapa
439,Wurlayi,,,,,,1,0,-1,,,Ngumpin-Yapa,/Users/i2/Downloads/Polygon Coordinates for Australian languages 3.0 1.kml|layername=Ngumpin-Yapa
440,Ngarinyman,,,,,,1,0,-1,,,Ngumpin-Yapa,/Users/i2/Downloads/Polygon Coordinates for Australian languages 3.0 1.kml|layername=Ngumpin-Yapa
441,Mudburra,,,,,,1,0,-1,,,Ngumpin-Yapa,/Users/i2/Downloads/Polygon Coordinates for Australian languages 3.0 1.kml|layername=Ngumpin-Yapa
442,Gurindji,,,,,,1,0,-1,,,Ngumpin-Yapa,/Users/i2/Downloads/Polygon Coordinates for Australian languages 3.0 1.kml|layername=Ngumpin-Yapa
443,Malngin,,,,,,1,0,-1,,,Ngumpin-Yapa,/Users/i2/Downloads/Polygon Coordinates for Australian languages 3.0 1.kml|layername=Ngumpin-Yapa
444,Jaru,,,,,,1,0,-1,,,Ngumpin-Yapa,/Users/i2/Downloads/Polygon Coordinates for Australian languages 3.0 1.kml|layername=Ngumpin-Yapa
445,Jiwarliny,,,,,,1,0,-1,,,Ngumpin-Yapa,/Users/i2/Downloads/Polygon Coordinates for Australian languages 3.0 1.kml|layername=Ngumpin-Yapa
446,Wanyjirra,,,,,,1,0,-1,,,Ngumpin-Yapa,/Users/i2/Downloads/Polygon Coordinates for Australian languages 3.0 1.kml|layername=Ngumpin-Yapa
447,Garandi,,,,,,,,,,,Paman,
448,Barranbinya,,,,,,,,,,,Muruwaric,
449,Bandjalang,,,,,,,,,,,Bandjalangic,
450,Southern Anaiwan,,,,,,,,,,,Anaiwan,
451,Kokiny,,,,,,,,,,,Paman,
452,Ribh,,,,,,,,,,,Paman,Paman
453,Olkola,,,,,,,,,,,Paman,
454,Djangkun,,,,,,,,,,,Paman,
455,Wik-Alkan,,,,,,,,,,,Paman,
456,Wik-Ngatharr,,,,,,,,,,,Paman,
457,Wik-Paacha,,,,,,,,,,,Paman,
458,Wik-Ep,,,,,,,,,,,Paman,
459,Wik-Ngathan,,,,,,,,,,,Paman,
460,Wik Me'nh,,,,,,,,,,,Paman,
461,Pakanh,,,,,,,,,,,Paman,
462,Kuuk Yak,,,,,,,,,,,Paman,
463,Kuuk Thaayorre,,,,,,,,,,,Paman,
464,Yintyingka,,,,,,,,,,,Paman,
465,Umpithamu,,,,,,,,,,,Paman,
466,Umbuygamu,,,,,,,,,,,Paman,
467,Rimanggudinhma,,,,,,,,,,,Paman,
468,Walangama,,,,,,,,,,,Paman,
469,Agwamin,,,,,,,,,,,Paman,
470,Takalak,,,,,,,,,,,Paman,
471,Athima,,,,,,,,,,,Paman,
472,Ikarranggal,,,,,,,,,,,Paman,
473,Guku Mini,,,,,,,,,,,Paman,
474,Uw Oykangand,,,,,,,,,,,Paman,
475,Ogunyjan,,,,,,,,,,,Paman,
