lang,name,glottocode,rate,rate_median
Adnyamathanha,Adnyamathanha,adny1235,1.0984828268636788,1.0628501929713365
Parnkala,Parnkala,bang1339,0.9864203408206053,0.9450282826782859
Guyani,Guyani,guya1249,0.7038003720263091,0.6803297743657973
Kaurna,Kaurna,kaur1267,1.5834580067436483,1.547020716958348
Narrungga,Narrungga,naru1238,1.1452914212459282,1.1122159103649916
Nukunu,Nukunu,nugu1241,0.974126230459158,0.9369735771518997
Ngadjuri,Ngadjuri,ngad1257,0.7144197680923818,0.6822748422245263
Wirangu,Wirangu,wira1265,0.7833745098864863,0.7808391493381406
Alyawarr,Alyawarr,alya1239,0.6646334207549673,0.6273844816703648
Antekerrepenhe,Antekerrepenhe,east2379,0.6469092114062013,0.6113007471886189
CentralAnmatyerr,CentralAnmatyerr,anma1239,1.0039079170759075,0.9681222226999715
WesternArrarnta,WesternArrarnta,west2441,1.6248744690876051,1.5700507164715733
Kaytetye,Kaytetye,kayt1238,1.2340613921356653,1.196457976746002
Badimaya,Badimaya,badi1246,0.722857448790757,0.7079008832405502
MuliarraTribe,MuliarraTribe,waja1257,1.2460000036502734,1.1748986558460177
Wajarri,Wajarri,waja1257,0.9566791201577961,0.9071407085575282
IrwinMurchison,IrwinMurchison,badi1246,0.8227779226010427,0.7939968675632679
Kalaamaya,Kalaamaya,kala1401,0.763058259126534,0.7409955142322192
ChampionBay,ChampionBay,nhan1238,1.8859821186047412,1.8091481073277462
Nhanta,Nhanta,nhan1238,0.8892897007989804,0.8486664747572918
Malgana,Malgana,malg1242,1.0112836664821092,0.9847805726189676
Bibbulman,Bibbulman,bibb1234,1.8974349937623924,1.8251512163708514
Pinjarra,Pinjarra,nyun1247,1.1615546458550987,1.1154917511512403
Kaniyang,Kaniyang,kani1276,0.8798235544537535,0.843767009841853
Wardandi,Wardandi,nyun1247,0.856184418280981,0.8333879260673247
NewNorciaandLeschenaultBay,NewNorciaandLeschenaultBay,nyun1247,0.9423242700807871,0.8924383180966564
Watjuk,Watjuk,nyun1247,0.9243778819506918,0.8828835187116988
Nyungar,Nyungar,nyun1247,0.6110514469760476,0.5971428578765762
Eucla,Eucla,kala1379,1.4515908683207275,1.3789980357869434
Mirniny,Mirniny,mirn1245,0.9288450311832044,0.8895335953899328
Ngadjumaya,Ngadjumaya,ngad1258,0.8397535808641604,0.8199004518607167
Jiwarli,Jiwarli,djiw1241,0.9160420350564501,0.8699779033290438
Warriyangga,Warriyangga,wari1262,1.033209674984042,0.9814423377629471
Tharrgari,Tharrgari,dhar1247,0.9717183812325058,0.9346757588201657
Payungu,Payungu,bayu1240,0.8583140319969333,0.8302020923291382
Purduna,Purduna,burd1238,1.3572654957780435,1.283704402409862
Thalanyji,Thalanyji,dhal1245,0.8124711195891712,0.7725437580018897
Yingkarta,Yingkarta,ying1247,1.015706061208071,0.9973729346139459
Kariyarra,Kariyarra,kari1304,0.9101609552596087,0.8580577988712373
Ngarluma,Ngarluma,ngar1287,0.903834322883963,0.8502206237797556
Kurrama,Kurrama,kurr1243,1.2002229578552388,1.1463453309933462
Yindjibarndi,Yindjibarndi,yind1247,0.9208913810456167,0.8817094063293702
Panyjima,Panyjima,pany1241,0.9100064812249617,0.8661939899200239
Yinhawangka,Yinhawangka,pany1241,1.0383392352989962,1.0051963902089445
Ngarla,Ngarla,ngar1296,1.2008903114240976,1.163559337576741
Nyamal,Nyamal,nyam1271,1.1500603684475588,1.1063729211663795
Martuthunira,Martuthunira,mart1255,0.5309067912846432,0.5185496626971373
Bilinarra,Bilinarra,ngar1235,0.7222910983978704,0.7076045559028297
Mudburra,Mudburra,mudb1240,1.8702571281453264,1.7882981637823665
MudburraMcC,MudburraMcC,mudb1240,1.315188692315497,1.2581390172869067
Gurindji,Gurindji,guri1247,0.7264115775677571,0.7122040240430854
Ngarinyman,Ngarinyman,ngar1235,0.9993462232115182,0.9720284677206287
Malngin,Malngin,maln1239,0.6735308882474201,0.663809675050438
Jaru,Jaru,jaru1254,1.6816005575102715,1.5736597063612037
JaruMcC,JaruMcC,jaru1254,0.5374262923995141,0.498601979978252
Ngardily,Ngardily,nort2753,0.7863426439530887,0.7642842965149339
Warlmanpa,Warlmanpa,warl1255,0.7826662687458327,0.7636972226066232
Warumungu,Warumungu,waru1265,1.988317414881506,1.8873355229825544
Warlpiri,Warlpiri,warl1254,1.146205910487943,1.0874569586385605
Jiwarliny,Jiwarliny,walm1241,1.0487036770664635,1.0082691943871191
WalmajarriNW,WalmajarriNW,walm1241,1.2349011236468774,1.18515311831647
WalmajarriHR,WalmajarriHR,walm1241,0.7274452775290982,0.7056231654733223
SouthernWalmajarri,SouthernWalmajarri,walm1241,1.009421738136321,0.9775048643050541
WalmajarriBilliluna,WalmajarriBilliluna,walm1241,0.7111349955381907,0.6936110178269754
Karajarri,Karajarri,kara1476,0.7841054931801976,0.7435367811682293
KarajarriNW,KarajarriNW,kara1476,1.1841500529294993,1.1235599948940718
NorthernNyangumarta,NorthernNyangumarta,nyan1301,1.222739812946174,1.1556166267701222
Nyangumarta,Nyangumarta,nyan1301,0.7973724976055244,0.7580576339348888
MangalaMcK,MangalaMcK,mang1383,1.1996428877552334,1.1421399865413395
NorthernMangarla,NorthernMangarla,mang1383,0.9059339841388203,0.8599368392231808
MangalaNW,MangalaNW,mang1383,0.6850159316964259,0.6638625510169405
Kartujarra,Kartujarra,kart1247,0.7579630596485469,0.7303337050836874
Warnman,Warnman,wanm1242,1.566184881620345,1.4983465063536698
MartuWangka,MartuWangka,many1256,0.8675013546968287,0.8436947277137712
Yulparija,Yulparija,yulp1238,0.7049987532932005,0.6870060641040923
Manjiljarra,Manjiljarra,mart1256,0.5448604709837374,0.5281899634857954
Ngaanyatjarra,Ngaanyatjarra,ngaa1240,0.7236076612152323,0.6909327896087472
Pitjantjatjara,Pitjantjatjara,pitj1243,0.8472509603408364,0.8128516172059531
Wangkajunga,Wangkajunga,wang1288,0.6209700709513368,0.5790037651173255
Wangkatja,Wangkatja,pint1251,1.0083360493820486,0.9420677925370642
PintupiLuritja,PintupiLuritja,pint1250,0.9777196458658092,0.9523081975918406
Kukatja,Kukatja,kuka1246,0.6828599121547995,0.6667125924626864
Arabana,Arabana,arab1267,0.8382858721487241,0.7894494071986043
Wangkangurru,Wangkangurru,wang1290,0.9374021955785757,0.8926812074738739
KingsCreekandtheGeorginaRiver,KingsCreekandtheGeorginaRiver,pitt1247,1.023396028235535,0.9867287397617832
PittaPitta,PittaPitta,pitt1247,0.804115444741401,0.771650831418382
RoxburghDownsLowerGeorgina,RoxburghDownsLowerGeorgina,pitt1247,1.0171573344538603,0.9031176089674842
Wangkayutyuru,Wangkayutyuru,wang1289,1.151142959968468,1.1036032530419295
Badjiri,Badjiri,badj1244,0.8558365512807113,0.8422846259980113
Guwa,Guwa,guwa1242,1.2655747067434817,1.1993182714086927
Yanda,Yanda,yand1251,1.1560651260143793,1.1055985924657938
CoopersCreek,CoopersCreek,,1.3496488744366784,1.2890964771630278
Yandruwandha,Yandruwandha,yand1253,0.6913796070192373,0.6665489445452932
Nhirrpi,Nhirrpi,nhir1234,1.368774514162933,1.3283807728808892
Yawarrawarrka,Yawarrawarrka,yawa1258,0.7476919547934292,0.7339382550055453
Karuwali,Karuwali,karr1236,1.6265400229566975,1.5554000547900837
Mithaka,Mithaka,mith1236,0.7140478362574905,0.684222671760284
Diyari,Diyari,dier1241,0.6502502525782401,0.6205214926935706
MountFreelingDiyari,MountFreelingDiyari,dier1241,1.4726729915002639,1.3936787738673497
Ngamini,Ngamini,ngam1265,0.8251990290615953,0.7996955460739705
Yarluyandi,Yarluyandi,yarl1238,0.8759017578296802,0.8415973074943464
Garlali,Garlali,kala1380,1.0797769605633483,1.0580431769407541
Kungadutyi,Kungadutyi,ngur1261,0.8085121110777068,0.7890517606570753
Punthamara,Punthamara,punt1240,0.9270961864095985,0.8926442771168683
Wangkumara,Wangkumara,wong1246,0.6975815833512209,0.6638492968617438
WangkumaraMcDWur,WangkumaraMcDWur,wong1246,1.1395088395167605,1.0873465374187803
Kungkari,Kungkari,kuun1236,1.069087868903154,1.0151948455190076
Pirriya,Pirriya,pirr1240,0.8070172456973526,0.758748204761428
Kurnu,Kurnu,darl1243,1.2409837330209412,1.1929554054283726
Paakantyi,Paakantyi,darl1243,1.279422674993714,1.2152350614255085
Malyangapa,Malyangapa,yarl1236,0.682321220506873,0.6515814823868804
Wadikali,Wadikali,yarl1236,1.155373185922735,1.0749250942190018
Yardliyawarra,Yardliyawarra,yarl1236,0.6756593517893962,0.6241795594759947
Bularnu,Bularnu,bula1255,0.8250815738400953,0.7789842933534104
Warluwarra,Warluwarra,warl1256,0.9574514588002524,0.9064296718479949
Wakaya,Wakaya,waga1260,1.5035744795412036,1.4385271267493462
Yindjilandji,Yindjilandji,yind1248,1.0872592697907117,1.042254593994608
Yanyuwa,Yanyuwa,yany1243,1.6144481837560216,1.5840320702493562
Kalkatungu,Kalkatungu,kalk1246,1.308423301257626,1.2335555099675042
Yalarnnga,Yalarnnga,yala1262,0.7871165579202734,0.7469269116124282
AghuTharrnggala,AghuTharrnggala,aghu1254,1.9791464879629848,1.920660890050814
Gugumini,Gugumini,ikar1243,1.5128558765823037,1.463438138849178
Kunjen,Kunjen,kunj1245,1.1229939372041549,1.083276358962165
Tagalag,Tagalag,taga1279,1.9042385343197537,1.8030617156193691
Ikarranggal,Ikarranggal,gurd1238,0.8388392003887718,0.8048143495980191
Walangama,Walangama,wala1263,4.044441842358529,3.85544241943649
Olkola,Olkola,oyka1239,1.0644407738483652,0.9659813537713753
UwOykangand,UwOykangand,oyka1239,0.8186658563352623,0.7373221580592417
BarrowPoint,BarrowPoint,barr1247,1.1910553674147584,1.157284844920352
KukuWura,KukuWura,gugu1256,1.8090286310354267,1.7463808047759182
Alngith,Alngith,alng1239,0.4654840152952858,0.4296049476077353
Linngithigh,Linngithigh,leni1238,1.2717724859012651,1.1831030363072588
Mbakwithi,Mbakwithi,angu1242,3.288301823492211,3.1241908579622155
Thaynakwith,Thaynakwith,alng1239,0.7694042155393152,0.7374271647483841
Ntrangith,Ntrangith,tyan1235,0.5639055463447933,0.5427087211154952
Mbiywom,Mbiywom,mbiy1238,0.8749999052781069,0.8223443842854719
Yinwum,Yinwum,yinw1236,1.0610818258177783,1.0002095589206048
Nggoth,Nggoth,ngko1236,0.8296422439018352,0.7842746349716043
Gudang,Gudang,guda1244,2.0100279299747625,1.9321020178879726
Injinoo,Injinoo,angg1238,0.7425882528644103,0.7097473959475585
Yadhaykenu,Yadhaykenu,yadh1237,1.716508166669783,1.6297881600722715
Uradhi,Uradhi,wuth1237,1.1900809339677163,1.1287507400949983
Mpalityan,Mpalityan,mpal1237,0.5191477353678984,0.5051309816834895
FlindersIsland,FlindersIsland,flin1247,0.6226025462354052,0.6068212467871203
Ayapathu,Ayapathu,ayab1239,0.8274302075884838,0.790892668418349
KuguNganhcara,KuguNganhcara,wikn1246,1.3241227995852407,1.2540799745061886
WikMuminh,WikMuminh,kuku1283,0.7651414299954118,0.7061715212757063
WikNgatharr,WikNgatharr,wika1238,0.8694297058053748,0.8031578720139472
WikMungkan,WikMungkan,wikm1247,1.851689776380947,1.8001460492888974
Pakanh,Pakanh,paka1251,0.8937016216269507,0.8630761632974545
Kaanju,Kaanju,kanj1260,0.7339880056161977,0.7001125701100805
KuukuYau,KuukuYau,kuuk1238,1.6428447931927495,1.5487430118269119
Umpila,Umpila,umpi1239,0.675775164566297,0.6396834934210933
KuukThaayorre,KuukThaayorre,thay1249,0.5825375112922254,0.5511077577751902
YirYoront,YirYoront,yiry1245,1.5232042620632091,1.4412709434201076
Umpithamu,Umpithamu,umbi1243,0.5651809756713936,0.5448893621668658
KokNar,KokNar,kokn1236,0.6989419384018888,0.656209763780935
KokoBera,KokoBera,gugu1254,1.145370889491034,1.061199503347435
Kurtjar,Kurtjar,gurd1238,1.5282794953367211,1.4601857025804514
Djabugay,Djabugay,dyaa1242,1.1158532196349256,1.0611364850348575
Yidiny,Yidiny,yidi1250,0.8496893560984767,0.8158191787058646
GraniteRange,GraniteRange,wami1239,0.8428537182108191,0.8091099855812842
GuuguYimidhirr,GuuguYimidhirr,gugu1255,1.295144690523315,1.2358180050843959
KukuYalanji,KukuYalanji,kuku1273,0.7366651488959566,0.7125256443832417
KKY,KKY,kala1377,0.9384557814151482,0.8658476567820889
KLY,KLY,kala1377,0.7006427867408255,0.6443501229703525
Mabuiag,Mabuiag,kala1377,1.17769832290164,1.098724566408381
Kukatj,Kukatj,guga1239,0.8500011453771974,0.8425458938397612
Aminungo,Aminungo,biri1256,1.0107701830280553,0.9808916723711631
LowerBurdekin,LowerBurdekin,,2.09797940873008,2.0419853065382014
Yambina,Yambina,biri1256,1.0461257866984173,1.01527497921805
Barna,Barna,biri1256,0.766781040063366,0.7294689245730537
Belyando,Belyando,biri1256,1.096574776750918,1.038998182708628
NatalDowns,NatalDowns,biri1256,1.1975661070555377,1.16631945094514
Biri,Biri,biri1256,1.0248337074026281,0.9683016180897581
Gangulu,Gangulu,gang1268,0.6395547764523933,0.6016952608885897
BidyaraGungabula,BidyaraGungabula,gung1248,0.668673598802841,0.6537862661342148
Dharawala,Dharawala,bidy1243,0.7688581283923945,0.7407300485494257
Tambo,Tambo,bidy1243,1.098513607668817,1.0486041373446788
Wadjabangayi,Wadjabangayi,bidy1243,0.8942633916528862,0.8618075487762982
Yiningay,Yiningay,bidy1243,1.3399204424781017,1.3033871703234692
Gunggari,Gunggari,kung1258,0.8570749980709995,0.8134586256120248
Guwamu,Guwamu,guwa1243,0.8128430463980213,0.7648350586560935
Gunya,Gunya,guny1241,0.5813269180072066,0.5523166500164425
Margany,Margany,marg1253,1.258609343468044,1.1777274547801264
UpperParoo,UpperParoo,bidy1243,1.2251554149725001,1.1789375016259864
Yirandali,Yirandali,yira1239,1.009218069075927,0.9907483760708029
Bindal,Bindal,bind1236,0.7537050125153272,0.7280046188860808
Coonambella,Coonambella,wulg1239,1.5752791481117123,1.4979707895372687
Wulguru,Wulguru,wulg1239,0.9020423991993091,0.8605881034425094
Dyirbal,Dyirbal,dyir1250,1.1052964146205833,1.071505373033164
Nyawaygi,Nyawaygi,nyaw1247,1.1247685971448567,1.0858669076054794
Wargamay,Wargamay,warr1255,1.1079894638712964,1.0827477837807198
Gudjal,Gudjal,gudj1237,1.011459208324098,0.9562417299469346
GuguBadhun,GuguBadhun,gugu1253,0.8065342169328292,0.7703414088485006
Warungu,Warungu,waru1264,0.8612497460362589,0.8277262537387995
Dharumbal,Dharumbal,dhar1248,1.0113295565627394,0.9912861728412763
Mbabaram,Mbabaram,mbab1239,1.2141865674858348,1.1715892182631995
Ganggalida,Ganggalida,gang1267,0.3688556123572352,0.35296168530360805
Kayardild,Kayardild,kaya1319,0.7299198363715693,0.708046904442023
Lardil,Lardil,lard1243,5.640024992795767,5.4892317608232375
Yangkaal,Yangkaal,nyan1300,0.5673102960392333,0.5493363877021904
Nguburindi,Nguburindi,ngub1238,0.404419542256241,0.3893409340345021
Yangarella,Yangarella,nyan1300,0.6980957993773724,0.6596587699299564
Minkin,Minkin,mink1237,0.971671280777666,0.935902241929931
MayiKulan,MayiKulan,mayk1239,0.696516495927574,0.6575349761310604
Ngawun,Ngawun,ngaw1240,1.459459696028642,1.3742776398142995
MayiYapi,MayiYapi,mayk1239,0.7757130766555594,0.7453908578472617
MayiThakurti,MayiThakurti,mayk1239,0.9702901155436581,0.9247348932899395
Wanamara,Wanamara,wunu1234,0.9124739057941771,0.8715568029127325
MayiKutuna,MayiKutuna,maya1280,0.7673742377151305,0.7220875406393231
Awabakal,Awabakal,awab1243,1.4239959457500402,1.3400496058573834
Karree,Karree,awab1243,0.6683188933521887,0.6369787641798375
Darkinyung,Darkinyung,awab1243,0.912540890435814,0.8834497267832946
Katthang,Katthang,wori1245,1.0052044801722209,0.9550747214265634
SteeleGDG,SteeleGDG,wori1245,1.0256214543924704,0.969750419155117
Birrpayi,Birrpayi,sydn1236,0.8242760104777626,0.7784173781807612
Iyora,Iyora,sydn1236,0.9810682000915355,0.9283785693795982
Dharuk,Dharuk,sydn1236,0.8027112049109258,0.7735666380847637
Thanggatti,Thanggatti,dyan1250,1.11417903115366,1.093853636887566
Hawkesbury,Hawkesbury,hawk1239,0.8913666549530647,0.8507597076134603
PortMacQuarie,PortMacQuarie,sydn1236,1.2545964751762388,1.2181377866733802
Dharawal,Dharawal,thur1254,0.8626506537606387,0.8127106382845024
Thurrawal,Thurrawal,thur1254,0.9678178234472742,0.9232574962307852
Dhurga,Dhurga,dhur1239,1.2451196794496306,1.1971338006822143
Gundungurra,Gundungurra,nort2760,0.9852645132742537,0.9474071010595138
Ngunawal,Ngunawal,nort2760,0.9099268112506514,0.8768087211840796
Jaitmatang,Jaitmatang,sout2771,2.151570778546648,2.073525056505937
Ngarigu,Ngarigu,sout2771,1.153054911929108,1.1149587385916981
Moneroo,Moneroo,sout2771,0.9796462493707245,0.9706913527770068
Gamilaraay,Gamilaraay,gami1243,0.6937607108138139,0.6593072131593837
Kamilaroi,Kamilaroi,gami1243,1.259324757584548,1.1807865706461806
Yuwaalaraay,Yuwaalaraay,gami1243,0.9864047825519561,0.9655668522825291
Ngiyambaa,Ngiyambaa,wang1291,0.9451784294805813,0.8968550270434996
Wiradjuri,Wiradjuri,wira1262,1.1803413539126701,1.1199793284778274
Wailwan,Wailwan,wayi1238,0.849120668933321,0.8169091727875046
Muruwari,Muruwari,muru1266,0.7547629434598792,0.7349333990565605
Bandjalang,Bandjalang,band1358,0.7774260442352983,0.7408917858503397
Githabul,Githabul,gida1240,2.782628866117092,2.669030511481509
Minjungbal,Minjungbal,minj1242,0.9770258088134121,0.8992346733602117
TweedRiverandPointDangar,TweedRiverandPointDangar,yuga1244,0.7269923416904676,0.668642095528405
NerangCreek,NerangCreek,yugu1249,0.619500796273125,0.5967350894659589
NggoiMwoi,NggoiMwoi,band1339,0.7699827311389515,0.7592460901427813
Yugambeh,Yugambeh,yugu1249,0.5978058416988683,0.5881108614336961
Coobenpil,Coobenpil,yaga1256,1.1296710824815661,1.095219898416622
Durubul,Durubul,yaga1256,0.7520075525382854,0.7304964818181925
Janday,Janday,jand1248,1.1058091325924353,1.039331982676313
Yagara,Yagara,yaga1256,0.9859250770242549,0.9452886352044387
Yugarabul,Yugarabul,yaga1256,0.9042331366501093,0.8745308085734844
Guwar,Guwar,guwa1244,1.0121064268238333,0.9868829825700087
Batyala,Batyala,baty1234,0.7400477106677169,0.7166864250586658
Dalla,Dalla,waka1274,0.889285028597306,0.848817074665954
MaryRiverandBunyaBunyaCountry,MaryRiverandBunyaBunyaCountry,kabi1260,1.5406520155969246,1.4698774955968923
Bayali,Bayali,baya1257,2.2347485934560902,2.1269264208728003
GoorengGooreng,GoorengGooreng,gure1255,0.994282841962126,0.9840509107618827
DawsonRiver,DawsonRiver,waka1274,1.6359033668399992,1.5697854690363262
WakaWaka,WakaWaka,waka1274,0.9443686196902019,0.8996541739961923
Duungidjawu,Duungidjawu,duun1241,0.9278099479782549,0.893229231557382
UpperBrisbaneRiver,UpperBrisbaneRiver,waka1274,1.2824487384930807,1.2286221989844326
Bigambal,Bigambal,biga1237,1.3578291545962242,1.306323123319279
Tenterfield,Tenterfield,yuga1244,0.9265937990054854,0.8931244983481097
GlenInnes,GlenInnes,yuga1244,0.731139000453908,0.6977130768517191
Gumbaynggir,Gumbaynggir,kumb1268,0.8495668995945933,0.8011279865220617
Yaygirr,Yaygirr,yayg1236,1.0807479370363886,1.015711705917997
Balkurra,Balkurra,yara1254,0.9535246810279451,0.9076889251385099
Ngarrindjeri,Ngarrindjeri,narr1259,1.450467393645452,1.3748393784321182
PytuReach,PytuReach,narr1259,0.7399258841390899,0.7125986928236304
Keramin,Keramin,nort2756,1.0994884112553156,1.0583326857715614
YithaYitha,YithaYitha,yith1234,1.3164509500407249,1.2676831674658031
NedsCornerStation,NedsCornerStation,uppe1415,2.1852836563154727,2.094659904546356
Ngaiawang,Ngaiawang,nort2756,1.3349851600974059,1.2486022350746997
Wellington,Wellington,lowe1402,0.6100943455570312,0.5705212363655667
Bindjali,Bindjali,warr1257,1.0132546851300013,0.9354434301040101
HOPKINSRIVER,HOPKINSRIVER,warr1257,0.9118447236192426,0.8435286558771107
Keerraywoorroong,Keerraywoorroong,warr1257,1.092701497999921,1.0497886980499511
Warrnambool,Warrnambool,warr1257,1.174942743242843,1.1075245386698058
Bunganditj,Bunganditj,bung1264,1.1161942745488076,1.1002163355312324
Colac,Colac,cola1237,2.2598952940159593,2.1836481625196553
Gunditjmara,Gunditjmara,west2443,1.2569038928113996,1.185008238977385
Tjapwurrung,Tjapwurrung,west2443,0.5114476388157523,0.4870547672338482
WembaWemba,WembaWemba,west2443,0.9665280296722992,0.9243741358822138
LakeHindmarsh,LakeHindmarsh,wotj1234,0.6306641553921297,0.6088278976542498
MathiMathi,MathiMathi,west2443,1.6414494630230614,1.582987651653726
THETATIARRACOUNTRY,THETATIARRACOUNTRY,west2443,0.8104452367062533,0.7750897703376656
Piangil,Piangil,west2443,2.2935903544339276,2.2020333706084556
Wathiwathi,Wathiwathi,west2443,0.9822458181477274,0.9498107808729946
Wathawurrung,Wathawurrung,wath1238,0.9759882701544907,0.9544774888261363
Woiwurrung,Woiwurrung,woiw1237,0.8977136432560522,0.8667921876095088
Dhudhuroa,Dhudhuroa,dhud1236,1.773850992530136,1.6702626835582106
Pallanganmiddang,Pallanganmiddang,pall1243,0.7541979420197071,0.7084535813094455
YabulaYabula,YabulaYabula,yort1237,1.6189345411786515,1.5246056969004531
YortaYorta,YortaYorta,yort1237,0.8217969381850786,0.7813472516824541
Dhangu,Dhangu,dhan1270,0.8408506006099462,0.805701127263429
Rirratjingu,Rirratjingu,rirr1238,1.0467071089153133,1.0012300233986762
Dhayyi,Dhayyi,djar1245,1.1746232062775825,1.1620227727611137
Dhuwal,Dhuwal,dhuw1249,0.9784490801641197,0.9378391853840857
Djambarrpuyngu,Djambarrpuyngu,marr1258,1.0240505803064561,0.9818471244608978
Djapu,Djapu,djap1238,0.7886244915239637,0.7557911221396395
Dhuwala,Dhuwala,mada1281,0.9944782160331243,0.9306694673804965
Gupapuyngu,Gupapuyngu,gupa1247,0.9589606934246708,0.8873137776392792
Gumatj,Gumatj,guma1253,0.738444027225283,0.72467357731461
Ritharrngu,Ritharrngu,rita1239,1.4293428865238154,1.4120959645487985
Zorc,Zorc,dhuw1249,0.6270534941708651,0.6171614638789258
Golpa,Golpa,yann1237,0.5901363317319792,0.5663272880515751
Yannhangu,Yannhangu,yann1237,0.6297640451284106,0.588347288947288
Djinang,Djinang,djin1253,1.0400308110293834,1.0084377168931433
