language_id,glottocode,glottolog_name,polygon_file,polygon_name,fuzzy_score,polygon_group
Adnyamathanha,adny1235,Adnyamathanha,AustralianPolygons.kml,Adnyamathanha,100,
AghuTharrnggala,aghu1254,Aghu Tharnggalu,AustralianPolygons.kml,Aghu Tharnggala,93,
Alngith,alng1239,Alngith,AustralianPolygons.kml,Alngith,100,
Alyawarr,alya1239,Alyawarr,AustralianPolygons.kml,Alyawarr,100,
Aminungo,biri1256,Biri,AustralianPolygons.kml,Biri,100,
Antekerrepenhe,east2379,Eastern Arrernte,AustralianPolygons.kml,Antekerrepenhe,100,
Arabana,arab1267,Arabana,AustralianPolygons.kml,Arabana,100,
Awabakal,awab1243,Awabakal,SnappedLangs.gpkg,Awabakal,100,
Ayapathu,ayab1239,Yintyinka-Ayabadhu,AustralianPolygons.kml,Ayapathu,100,
Badimaya,badi1246,Badimaya,AustralianPolygons.kml,Badimaya,100,
Badjiri,badj1244,Badjirri,AustralianPolygons.kml,Badjiri,100,
Balkurra,yara1254,Yaraldi,AustralianPolygons.kml,Yaraldi,100,
Bandjalang,band1358,Bandjalang,SnappedLangs.gpkg,Bandjalang,100,
Barna,biri1256,Biri,AustralianPolygons.kml,Barna,100,
BarrowPoint,barr1247,Barrow Point,AustralianPolygons.kml,Barrow Point,96,
Batyala,baty1234,Butchulla,AustralianPolygons.kml,Batyala,100,
Bayali,baya1257,Bayali,AustralianPolygons.kml,Bayali,100,
Belyando,biri1256,Biri,AustralianPolygons.kml,Biri,100,
Bibbulman,bibb1234,Bibbulman,AustralianPolygons.kml,Bibbulman,100,
BidyaraGungabula,gung1248,Gungabula,AustralianPolygons.kml,Gungabula,100,
Bigambal,biga1237,Bigambal,AustralianPolygons.kml,Bigambal,100,
Bilinarra,ngar1235,Ngarinman,AustralianPolygons.kml,Bilinarra,100,
Bindal,bind1236,Bindal-Mount Elliot,AustralianPolygons.kml,Bindal,100,
Bindjali,warr1257,Warrnambool,AustralianPolygons.kml,Bindal,86,
Biri,biri1256,Biri,AustralianPolygons.kml,Biri,100,
Birrpayi,sydn1236,Sydney,AustralianPolygons.kml,Birrpayi,100,
Bularnu,bula1255,Bularnu,AustralianPolygons.kml,Bularnu,100,
Bunganditj,bung1264,Bunganditj,AustralianPolygons.kml,Bunganditj,100,
CentralAnmatyerr,anma1239,Anmatyerre,AustralianPolygons.kml,Anmatyerr,95,
ChampionBay,nhan1238,Nhanda,AustralianPolygons.kml,Nhanda,100,
Colac,cola1237,Colac,,,(60 for Worla),
Coobenpil,yaga1256,Yagara-Jandai,,,(63 for Yagara),
Coonambella,wulg1239,Wulguru,AustralianPolygons.kml,Wulguru,100,
CoopersCreek,,,,,(50 for Erre),
Dalla,waka1274,Wakawaka,AustralianPolygons.kml,WakaWaka,100,
Darkinyung,awab1243,Awabakal,AustralianPolygons.kml,Darrkinyung,95,
DawsonRiver,waka1274,Wakawaka,AustralianPolygons.kml,WakaWaka,100,
Dhangu,dhan1270,Dhangu,AustralianPolygons.kml,Dhangu,100,
Dharawal,thur1254,Thurawal,AustralianPolygons.kml,Dharawal,100,
Dharawala,bidy1243,Bidyara,AustralianPolygons.kml,Dharawala,100,
Dharuk,sydn1236,Sydney,AustralianPolygons.kml,Dharuk,100,
Dharumbal,dhar1248,Dharumbal,AustralianPolygons.kml,Dharumbal,100,
Dhayyi,djar1245,Djarrwark,AustralianPolygons.kml,Dhay'yi,92,
Dhudhuroa,dhud1236,Dhudhuroa,AustralianPolygons.kml,Dhudhuroa,100,
Dhurga,dhur1239,Dhurga,AustralianPolygons.kml,Dhurga,100,
Dhuwal,dhuw1249,Dhuwal,AustralianPolygons.kml,Dhuwal,100,
Dhuwala,mada1281,Madarrpa,AustralianPolygons.kml,Dhuwala,100,
Diyari,dier1241,Dieri,AustralianPolygons.kml,Diyari,100,
Djabugay,dyaa1242,Dyaabugay,AustralianPolygons.kml,Djabugay,100,
Djambarrpuyngu,marr1258,Marrakulu,,,(71 for Marra),
Djapu,djap1238,Djapu,,,(73 for Djangu),
Djinang,djin1253,Djinang,AustralianPolygons.kml,Djinang,100,
Durubul,yaga1256,Yagara-Jandai,,,(63 for Yagara),
Duungidjawu,duun1241,Duungidjawu,AustralianPolygons.kml,Duungidjawu,100,
Dyirbal,dyir1250,Dyirbal,AustralianPolygons.kml,Djirbal,86,
Eucla,kala1379,Kalarko-Mirniny,,,(62 for Antakirinya),
FlindersIsland,flin1247,Flinders Island,AustralianPolygons.kml,Flinders Island,97,
Gamilaraay,gami1243,Yuwaalaraay-Gamilaraay,AustralianPolygons.kml,Gamilaraay,100,
Ganggalida,gang1267,Ganggalida,,,(78 for Danggali),
Gangulu,gang1268,Gangulu,AustralianPolygons.kml,Gangulu,100,
Garlali,kala1380,Bulloo River,AustralianPolygons.kml,Garlali,100,
Githabul,gida1240,Gidabal,SnappedLangs.gpkg,Githabul,100,
GlenInnes,yuga1244,Yugambal,AustralianPolygons.kml,Yugambal,100,
Golpa,yann1237,Nhangu,AustralianPolygons.kml,Golpa,100,
GoorengGooreng,gure1255,Gureng Gureng,AustralianPolygons.kml,GoorengGooreng,100,
GraniteRange,wami1239,Wamin,,,(83 for Agwamin),
Gudang,guda1244,Gudang,AustralianPolygons.kml,Gudang,100,
Gudjal,gudj1237,Gudjal,AustralianPolygons.kml,Gudjal,100,
GuguBadhun,gugu1253,Gugu Badhun,AustralianPolygons.kml,Gugu Badhun,100,
Gugumini,ikar1243,Ikaranggal,AustralianPolygons.kml,Ikarranggal,95,
Gumatj,guma1253,Gumatj,,,(67 for Kukatj),
Gumbaynggir,kumb1268,Kumbainggar,AustralianPolygons.kml,Gumbaynggir,100,
Gunditjmara,west2443,Western Victoria,,,(50 for Eastern Arrernte),
Gundungurra,nort2760,Northern Inland Yuin,SnappedLangs.gpkg,Gundungurra,100,
Gunggari,kung1258,Kunggari,AustralianPolygons.kml,Gunggari,100,
Gunya,guny1241,Gunya,AustralianPolygons.kml,Gunya,100,
Gupapuyngu,gupa1247,Gupapuyngu,,,(71 for Payungu),
Gurindji,guri1247,Gurindji,AustralianPolygons.kml,Gurindji,100,
GuuguYimidhirr,gugu1255,Guugu Yimidhirr,AustralianPolygons.kml,Guugu-Yimidhirr,97,
Guwa,guwa1242,Guwa,AustralianPolygons.kml,Guwa,100,
Guwamu,guwa1243,Guwamu,AustralianPolygons.kml,Guwamu,100,
Guwar,guwa1244,Guwar,AustralianPolygons.kml,Guwar,100,
Guyani,guya1249,Guyani,AustralianPolygons.kml,Guyani,100,
HOPKINSRIVER,warr1257,Warrnambool,AustralianPolygons.kml,Warrnambool,100,
Hawkesbury,hawk1239,Hawkesbury,,,(53 for Wubuy),
Ikarranggal,gurd1238,Gurdjar,AustralianPolygons.kml,Ikarranggal,100,
Injinoo,angg1238,Angkamuthi,AustralianPolygons.kml,Angkamuthi,100,
IrwinMurchison,badi1246,Badimaya,AustralianPolygons.kml,Badimaya,100,
Iyora,sydn1236,Sydney,SnappedLangs.gpkg,Iyora,100,
Jaitmatang,sout2771,Southern Coastal Yuin,,,(59 for Southern Anaiwan),
Janday,jand1248,Jandai,AustralianPolygons.kml,Janday,100,
Jaru,jaru1254,Jaru,AustralianPolygons.kml,Jaru,100,
JaruMcC,jaru1254,Jaru,AustralianPolygons.kml,Jaru,100,
Jiwarli,djiw1241,Djiwarli,AustralianPolygons.kml,Jiwarli,100,
Jiwarliny,walm1241,Walmajarri-Juwaliny,AustralianPolygons.kml,Jiwarliny,100,
KKY,kala1377,Kala Lagaw Ya,AustralianPolygons.kml,Kala Lagaw Ya,100,
KLY,kala1377,Kala Lagaw Ya,AustralianPolygons.kml,Kala Lagaw Ya,100,
Kaanju,kanj1260,Kanju,AustralianPolygons.kml,Kaanju,100,
Kalaamaya,kala1401,Kalaamaya,AustralianPolygons.kml,Kalaamaya,100,
Kalkatungu,kalk1246,Kalkatungu,AustralianPolygons.kml,Kalkatungu,100,
Kamilaroi,gami1243,Yuwaalaraay-Gamilaraay,,,(67 for Yuwaalaraay),
Kaniyang,kani1276,Kaniyang,AustralianPolygons.kml,Kaniyang,100,
Karajarri,kara1476,Karadjeri,AustralianPolygons.kml,Karajarri,100,
KarajarriNW,kara1476,Karadjeri,AustralianPolygons.kml,Karajarri,90,
Kariyarra,kari1304,Kariyarra,AustralianPolygons.kml,Kariyarra,100,
Karree,awab1243,Awabakal,SnappedLangs.gpkg,Awabakal,100,
Kartujarra,kart1247,Kartujarra,AustralianPolygons.kml,Kartujarra,100,
Karuwali,karr1236,Karruwali,AustralianPolygons.kml,Karuwali,100,
Katthang,wori1245,Worimi,AustralianPolygons.kml,Katthang,100,
Kaurna,kaur1267,Kaurna,AustralianPolygons.kml,Kaurna,100,
Kayardild,kaya1319,Kayardild,AustralianPolygons.kml,Kayardild,100,
Kaytetye,kayt1238,Kaytetye,AustralianPolygons.kml,Kaytetye,100,
Keerraywoorroong,warr1257,Warrnambool,AustralianPolygons.kml,Warrnambool,100,
Keramin,nort2756,Northern Sunraysia,AustralianPolygons.kml,Keramin,100,
KingsCreekandtheGeorginaRiver,pitt1247,Pitta Pitta,AustralianPolygons.kml,Pitta-Pitta,100,
KokNar,kokn1236,Kok-Nar,SnappedLangs.gpkg,Koknar,100,
KokoBera,gugu1254,Gugubera,,,(63 for Gundungurra),
KuguNganhcara,wikn1246,Wikngenchera,AustralianPolygons.kml,Kugu Nganhcara,96,
Kukatj,guga1239,Gugadj,AustralianPolygons.kml,Kukatj,100,
Kukatja,kuka1246,Kukatja,AustralianPolygons.kml,Kukatja,100,
KukuWura,gugu1256,Roth's Gugu Warra,,,(52 for Kugu Nhanhcara),
KukuYalanji,kuku1273,Kuku-Yalanji,AustralianPolygons.kml,Kuku Yalanji,96,
Kungadutyi,ngur1261,Wilson River (Grey Range),,,(46 for Central Arrernte),
Kungkari,kuun1236,Kuungkari of Barcoo River,AustralianPolygons.kml,Kungkarri,94,
Kunjen,kunj1245,Kunjen,,,(57 for Ogunyjan),
Kurnu,darl1243,Paakantyi,AustralianPolygons.kml,Kurnu,100,
Kurrama,kurr1243,Kurrama,AustralianPolygons.kml,Kurrama,100,
Kurtjar,gurd1238,Gurdjar,AustralianPolygons.kml,Kurtjar,100,
KuukThaayorre,thay1249,Thayore,AustralianPolygons.kml,Kuuk Thaayorre,96,
KuukuYau,kuuk1238,Kuuku-Ya'u,AustralianPolygons.kml,Kuuku-Ya'u,100,
LakeHindmarsh,wotj1234,Wotjobaluk,AustralianPolygons.kml,Wotjobaluk,100,
Lardil,lard1243,Lardil,AustralianPolygons.kml,Lardil,100,
Linngithigh,leni1238,Linngithigh,AustralianPolygons.kml,Linngithigh,100,
LowerBurdekin,,,,,(48 for Larrakia),
Mabuiag,kala1377,Kala Lagaw Ya,AustralianPolygons.kml,Mabuiag,100,
Malgana,malg1242,Malgana,AustralianPolygons.kml,Malkana,86,
Malngin,maln1239,Malngin,AustralianPolygons.kml,Malngin,100,
Malyangapa,yarl1236,Yarli,AustralianPolygons.kml,Malyangapa,100,
MangalaMcK,mang1383,Mangala,AustralianPolygons.kml,Mangala,100,
MangalaNW,mang1383,Mangala,AustralianPolygons.kml,Mangala,88,
Manjiljarra,mart1256,Martu Wangka,AustralianPolygons.kml,Manjiljarra,100,
Margany,marg1253,Margany,AustralianPolygons.kml,Margany,100,
MartuWangka,many1256,Manyjilyjara,AustralianPolygons.kml,Manjiljarra,87,
Martuthunira,mart1255,Martuthunira,AustralianPolygons.kml,Martuthunira,100,
MaryRiverandBunyaBunyaCountry,kabi1260,Kabikabi,,,(62 for Wadikali),
MathiMathi,west2443,Western Victoria,AustralianPolygons.kml,MathiMathi,100,
MayiKulan,mayk1239,Maykulan,,,(67 for Yukulta),
MayiKutuna,maya1280,Mayaguduna,,,(67 for Gaagudju),
MayiThakurti,mayk1239,Maykulan,AustralianPolygons.kml,Mayi-Thakurti,96,
MayiYapi,mayk1239,Maykulan,AustralianPolygons.kml,Mayi-Yapi,94,
Mbabaram,mbab1239,Mbabaram,AustralianPolygons.kml,Mbabaram,100,
Mbakwithi,angu1242,Anguthimri,AustralianPolygons.kml,Mpakwithi,89,
Mbiywom,mbiy1238,Mbiywom,,,(71 for Mbeiwum),
Minjungbal,minj1242,Minjangbal,SnappedLangs.gpkg,Minjangbal,90,
Minkin,mink1237,Minkin,AustralianPolygons.kml,Minkin,100,
Mirniny,mirn1245,Mirniny,AustralianPolygons.kml,Mirniny,100,
Mithaka,mith1236,Mithaka,AustralianPolygons.kml,Mithaka,100,
Moneroo,sout2771,Southern Coastal Yuin,,,(59 for Southern Anaiwan),
MountFreelingDiyari,dier1241,Dieri,,,(73 for Diyari),
Mpalityan,mpal1237,Mpalityanh-Luthigh,AustralianPolygons.kml,Mpalityan,100,
Mudburra,mudb1240,Mudburra,AustralianPolygons.kml,Mudburra,100,
MudburraMcC,mudb1240,Mudburra,AustralianPolygons.kml,Mudburra,100,
MuliarraTribe,waja1257,Wajarri,AustralianPolygons.kml,Wajarri,100,
Muruwari,muru1266,Muruwari,AustralianPolygons.kml,Muruwari,100,
Narrungga,naru1238,Narungga,AustralianPolygons.kml,Narrungga,100,
NatalDowns,biri1256,Biri,AustralianPolygons.kml,Biri,100,
NedsCornerStation,uppe1415,Upper Riverland,,,(52 for Lower Aranda),
NerangCreek,yugu1249,Yugumbir,,,(67 for Unggumi),
NewNorciaandLeschenaultBay,nyun1247,Nyunga,AustralianPolygons.kml,Nyunga,100,
Ngaanyatjarra,ngaa1240,Ngaanyatjarra,AustralianPolygons.kml,Ngaanyatjarra,100,
Ngadjumaya,ngad1258,Ngadjunmaya,AustralianPolygons.kml,Ngajumaya,95,
Ngadjuri,ngad1257,Ngadjuri,AustralianPolygons.kml,Ngadjuri,100,
Ngaiawang,nort2756,Northern Sunraysia,AustralianPolygons.kml,Ngaiawang,100,
Ngamini,ngam1265,Ngamini-Yarluyandi-Karangura,AustralianPolygons.kml,Ngamini,100,
Ngardily,nort2753,North-western Warlpiri,AustralianPolygons.kml,Ngardi,86,
Ngarigu,sout2771,Southern Coastal Yuin,AustralianPolygons.kml,Ngarigu,100,
Ngarinyman,ngar1235,Ngarinman,AustralianPolygons.kml,Ngarinyman,100,
Ngarla,ngar1296,Ngarla,AustralianPolygons.kml,Ngarla,100,
Ngarluma,ngar1287,Ngarluma,AustralianPolygons.kml,Ngarluma,100,
Ngarrindjeri,narr1259,Narrinyeri,AustralianPolygons.kml,Ngarrindjeri,100,
Ngawun,ngaw1240,Ngawun,AustralianPolygons.kml,Ngawun,100,
NggoiMwoi,band1339,Bandjalangic,SnappedLangs.gpkg,Bandjalang,91,
Nggoth,ngko1236,Ngkoth,,,(62 for Angkamuthi),
Ngiyambaa,wang1291,Ngiyambaa,AustralianPolygons.kml,Ngiyambaa,100,
Nguburindi,ngub1238,Nguburindi,,,(78 for Gurindji),
Ngunawal,nort2760,Northern Inland Yuin,AustralianPolygons.kml,Ngunawal,100,
Nhanta,nhan1238,Nhanda,AustralianPolygons.kml,Nhanda,100,
Nhirrpi,nhir1234,Nhirrpi,AustralianPolygons.kml,Nhirrpi,100,
NorthernMangarla,mang1383,Mangala,AustralianPolygons.kml,Mangala,100,
NorthernNyangumarta,nyan1301,Nyangumarta,AustralianPolygons.kml,Nyangumarta,100,
Ntrangith,tyan1235,Tyanngayt-Mamngayt-Ntrwangayt-Ntrangit,,,(44 for Ngarlawangga),
Nukunu,nugu1241,Nugunu (Australia),AustralianPolygons.kml,Nukunu,100,
Nyamal,nyam1271,Nyamal,AustralianPolygons.kml,Nyamal,100,
Nyangumarta,nyan1301,Nyangumarta,AustralianPolygons.kml,Nyangumarta,100,
Nyawaygi,nyaw1247,Nyawaygi,AustralianPolygons.kml,Nyawaygi,100,
Nyungar,nyun1247,Nyunga,AustralianPolygons.kml,Nyunga,92,
Olkola,oyka1239,Oykangand,AustralianPolygons.kml,Olkola,100,
Paakantyi,darl1243,Paakantyi,AustralianPolygons.kml,Paakantyi,100,
Pakanh,paka1251,Pakanha,AustralianPolygons.kml,Pakanh,100,
Pallanganmiddang,pall1243,Pallanganmiddang,,,(64 for Walangama),
Panyjima,pany1241,Panytyima,AustralianPolygons.kml,Panyjima,100,
Parnkala,bang1339,Banggarla,AustralianPolygons.kml,Parnkala,100,
Payungu,bayu1240,Bayungu,AustralianPolygons.kml,Payungu,100,
Piangil,west2443,Western Victoria,,,(50 for Eastern Arrernte),
Pinjarra,nyun1247,Nyunga,AustralianPolygons.kml,Nyunga,100,
PintupiLuritja,pint1250,Pintupi-Luritja,AustralianPolygons.kml,Pintupi-Luritja,100,
Pirriya,pirr1240,Pirriya,AustralianPolygons.kml,Pirriya,100,
Pitjantjatjara,pitj1243,Pitjantjatjara,AustralianPolygons.kml,Pitjantjatjara,100,
PittaPitta,pitt1247,Pitta Pitta,AustralianPolygons.kml,Pitta-Pitta,95,
PortMacQuarie,sydn1236,Sydney,,,(67 for Yidiny),
Punthamara,punt1240,Punthamara,AustralianPolygons.kml,Punthamara,100,
Purduna,burd1238,Burduna,AustralianPolygons.kml,Purduna,100,
PytuReach,narr1259,Narrinyeri,,,(82 for Ngarrindjeri),
Rirratjingu,rirr1238,Rirratjingu,,,(67 for Ritharrngu),
Ritharrngu,rita1239,Ritharrngu,AustralianPolygons.kml,Ritharrngu,100,
RoxburghDowns_LowerGeorgina,pitt1247,Pitta Pitta,AustralianPolygons.kml,Pitta-Pitta,100,
SouthernWalmajarri,walm1241,Walmajarri-Juwaliny,,,(69 for Walmajarri),
SteeleGDG,wori1245,Worimi,AustralianPolygons.kml,Worimi,100,
THETATIARRACOUNTRY,west2443,Western Victoria,,,(50 for Eastern Arrernte),
Tagalag,taga1279,Tagalaka,,,(80 for Takalak),
Tambo,bidy1243,Bidyara,AustralianPolygons.kml,Bidjara,86,
Tenterfield,yuga1244,Yugambal,AustralianPolygons.kml,Yugambal,100,
Thalanyji,dhal1245,Dhalandji,AustralianPolygons.kml,Thalanyji,100,
Thanggatti,dyan1250,Dyangadi,AustralianPolygons.kml,Thanggatti,100,
Tharrgari,dhar1247,Dhargari,AustralianPolygons.kml,Tharrgari,100,
Thaynakwith,alng1239,Alngith,AustralianPolygons.kml,Alngith,100,
Thurrawal,thur1254,Thurawal,,,(77 for Thawa),
Tjapwurrung,west2443,Western Victoria,AustralianPolygons.kml,Tjapwurrung,100,
TweedRiverandPointDangar,yuga1244,Yugambal,AustralianPolygons.kml,Yugambal,100,
Umpila,umpi1239,Umpila,AustralianPolygons.kml,Umpila,100,
Umpithamu,umbi1243,Umbindhamu,AustralianPolygons.kml,Umpithamu,100,
UpperBrisbaneRiver,waka1274,Wakawaka,AustralianPolygons.kml,WakaWaka,100,
UpperParoo,bidy1243,Bidyara,AustralianPolygons.kml,Bidjara,86,
Uradhi,wuth1237,Wuthathi,AustralianPolygons.kml,Uradhi,100,
UwOykangand,oyka1239,Oykangand,AustralianPolygons.kml,Uw Oykangand,86,
Wadikali,yarl1236,Yarli,AustralianPolygons.kml,Wadikali,100,
Wadjabangayi,bidy1243,Bidyara,AustralianPolygons.kml,Wadjabangayi,100,
Wailwan,wayi1238,Wayilwan,AustralianPolygons.kml,Wailwan,100,
Wajarri,waja1257,Wajarri,AustralianPolygons.kml,Wajarri,100,
WakaWaka,waka1274,Wakawaka,AustralianPolygons.kml,WakaWaka,100,
Wakaya,waga1260,Wagaya,AustralianPolygons.kml,Wakaya,100,
Walangama,wala1263,Walangama,AustralianPolygons.kml,Walangama,100,
WalmajarriBilliluna,walm1241,Walmajarri-Juwaliny,,,(69 for Walmajarri),
WalmajarriHR,walm1241,Walmajarri-Juwaliny,AustralianPolygons.kml,Walmajarri,91,
WalmajarriNW,walm1241,Walmajarri-Juwaliny,AustralianPolygons.kml,Walmajarri,91,
Wanamara,wunu1234,Wunumara,AustralianPolygons.kml,Wanamara,100,
Wangkajunga,wang1288,Wangkajunga,AustralianPolygons.kml,Wangkajunga,100,
Wangkangurru,wang1290,Wangganguru,AustralianPolygons.kml,Wangkangurru,100,
Wangkatja,pint1251,Pintiini,,,(62 for Thiin),
Wangkayutyuru,wang1289,Wanggamala,AustralianPolygons.kml,Wangkayutyuru,100,
Wangkumara,wong1246,Wangkumara,AustralianPolygons.kml,Wangkumara,100,
WangkumaraMcDWur,wong1246,Wangkumara,AustralianPolygons.kml,Wangkumara,100,
Wardandi,nyun1247,Nyunga,AustralianPolygons.kml,Wardandi,100,
Wargamay,warr1255,Warrgamay,AustralianPolygons.kml,Warrgamay,94,
Warlmanpa,warl1255,Warlmanpa,AustralianPolygons.kml,Warlmanpa,100,
Warlpiri,warl1254,Warlpiri,AustralianPolygons.kml,Warlpiri,100,
Warluwarra,warl1256,Warluwara,AustralianPolygons.kml,Warluwarra,100,
Warnman,wanm1242,Wanman,AustralianPolygons.kml,Warnman,100,
Warriyangga,wari1262,Wariyangga,AustralianPolygons.kml,Warriyangga,100,
Warrnambool,warr1257,Warrnambool,AustralianPolygons.kml,Warrnambool,100,
Warumungu,waru1265,Warumungu,AustralianPolygons.kml,Warumungu,100,
Warungu,waru1264,Warrongo,AustralianPolygons.kml,Warungu,100,
Wathawurrung,wath1238,Wathawurrung,AustralianPolygons.kml,Wathawurrung,100,
Wathiwathi,west2443,Western Victoria,AustralianPolygons.kml,WathiWathi,100,
Watjuk,nyun1247,Nyunga,AustralianPolygons.kml,Wajuk,91,
Wellington,lowe1402,Lower Riverland,,,(60 for Flinders Island),
WembaWemba,west2443,Western Victoria,AustralianPolygons.kml,Wemba Wemba,95,
WesternArrarnta,west2441,Western Arrarnta,AustralianPolygons.kml,Western Arrarnta,100,
WikMuminh,kuku1283,Kuku-Muminh,,,(70 for Guku Mini),
WikMungkan,wikm1247,Wik-Mungkan,AustralianPolygons.kml,Wik Mungkan,100,
WikNgatharr,wika1238,Wikalkan,,,(67 for Wiilman),
Wiradjuri,wira1262,Wiradhuri,AustralianPolygons.kml,Wiradjuri,100,
Wirangu,wira1265,Wirangu,AustralianPolygons.kml,Wirangu,100,
Woiwurrung,woiw1237,Woiwurrung-Thagungwurrung,AustralianPolygons.kml,Woiwurrung,100,
Wulguru,wulg1239,Wulguru,AustralianPolygons.kml,Wulguru,100,
YabulaYabula,yort1237,Yorta Yorta,AustralianPolygons.kml,YabulaYabula,100,
Yadhaykenu,yadh1237,Yadhaykenu,AustralianPolygons.kml,Yadhaykenu,100,
Yagara,yaga1256,Yagara-Jandai,AustralianPolygons.kml,Yagara,100,
Yalarnnga,yala1262,Yalarnnga,AustralianPolygons.kml,Yalarnnga,100,
Yambina,biri1256,Biri,AustralianPolygons.kml,Yambina,100,
Yanda,yand1251,Yanda,AustralianPolygons.kml,Yanda,100,
Yandruwandha,yand1253,Yandruwandha,AustralianPolygons.kml,Yandruwandha,100,
Yangarella,nyan1300,Yangkaal,,,(71 for Yagara),
Yangkaal,nyan1300,Yangkaal,,,(71 for Yagara),
Yannhangu,yann1237,Nhangu,,,(83 for Dhangu),
Yanyuwa,yany1243,Yanyuwa,AustralianPolygons.kml,Yanyuwa,100,
Yardliyawarra,yarl1236,Yarli,AustralianPolygons.kml,Yardliyawarra,100,
Yarluyandi,yarl1238,Yarluyandi,AustralianPolygons.kml,Yarluyandi,100,
Yawarrawarrka,yawa1258,Yawarawarga,AustralianPolygons.kml,Yawarrawarrka,100,
Yaygirr,yayg1236,Yaygir,AustralianPolygons.kml,Yaygirr,100,
Yidiny,yidi1250,Yidiñ,AustralianPolygons.kml,Yidiny,100,
Yindjibarndi,yind1247,Yindjibarndi,AustralianPolygons.kml,Yindjibarndi,100,
Yindjilandji,yind1248,Yindjilandji,AustralianPolygons.kml,Yindjilandji,100,
Yingkarta,ying1247,Yinggarda,AustralianPolygons.kml,Yingkarta,100,
Yinhawangka,pany1241,Panytyima,AustralianPolygons.kml,Yinhawangka,100,
Yiningay,bidy1243,Bidyara,AustralianPolygons.kml,Yiningayi,94,
Yinwum,yinw1236,Yinwum,AustralianPolygons.kml,Yinwum,100,
YirYoront,yiry1245,Yir-Yoront,AustralianPolygons.kml,Yir Yoront,95,
Yirandali,yira1239,Yirandhali,AustralianPolygons.kml,Yirandhali,95,
YithaYitha,yith1234,Yitha Yitha,AustralianPolygons.kml,YithaYitha,100,
YortaYorta,yort1237,Yorta Yorta,AustralianPolygons.kml,YortaYorta,100,
Yugambeh,yugu1249,Yugumbir,,,(67 for Unggumi),
Yugarabul,yaga1256,Yagara-Jandai,,,(63 for Yagara),
Yulparija,yulp1238,Yulparitja,AustralianPolygons.kml,Yulparija,100,
Yuwaalaraay,gami1243,Yuwaalaraay-Gamilaraay,AustralianPolygons.kml,Yuwaalaraay,100,
Zorc,dhuw1249,Dhuwal,AustralianPolygons.kml,Dhuwal,100,
