lang,name,glottocode,weightedSpikes,weightedSpikes_median
AlbanianArberesh,Albanian: Arbëresh,arbe1236,6.312106870459432,4.5501727325896315
AlbanianGheg,Albanian: Gheg,gheg1238,3.0259434041478808,2.38951354738741
AlbanianStandard,Albanian: Standard,alba1267,3.290582748492309,2.614842427675586
AncientGreek,Greek: Ancient,anci1242,0.03499771631046579,0.0
Greek,Greek: Modern Std,mode1248,2.167395143398457,1.6827750735552418
GreekCappodocian,Greek: Cappadocian,capp1239,5.515134400037279,3.816653455772014
GreekPontic,Greek: Pontic,pont1253,3.735070352651909,2.887511408985101
GreekCypriot,Greek: Cypriot,cypr1249,4.8295495322695885,3.557314600554995
GreekItaliot,Greek: Italiot,apul1236,5.312652651164784,3.8299937628028924
NTGreek,Greek: New Testament,koin1234,0.0663054355086112,0.0
MycenaeanGreek,Greek: Mycenaean,myce1241,0.1519811544957873,0.0
ArmenianEastern,Armenian: Eastern,nucl1235,2.615321098303706,2.0702663324852826
ArmenianWestern,Armenian: Western,homs1234,4.2493404667219705,3.317789512386215
ClassicalArmenian,Armenian: Classical,clas1249,0.06542310943403733,0.0
TocharianA,Tocharian A,tokh1242,5.928165522134325,4.520346625535019
TocharianB,Tocharian B,tokh1243,3.8583552969244406,2.8473937672588625
AngloNorman,Anglo-Norman,angl1258,0.04493721138720564,0.0
OldFrench,Old French,oldf1239,0.12132255410721658,0.0
FrancoProvencal,Franco-Provençal,fran1269,4.808406309896453,3.854643412959037
French,French,stan1290,1.4696073272140766,1.1544442325177977
Walloon,Walloon,wall1255,3.6347449782991594,2.8302304990639087
OldOccitan,Old Occitan,oldp1253,4.979988565265966,4.237606529124798
Catalan,Catalan,stan1289,1.8042181974531621,1.3345258721382824
OldCatalan,Old Catalan,oldc1251,1.743964132660296,1.4465690955217556
OldSpanish,Old Spanish,olds1249,3.356376542529641,2.8326014106455473
Spanish,Spanish,stan1288,2.8491143923523903,2.204347311973819
Portuguese,Portuguese,port1283,0.8235310784676761,0.6275691626318702
PortugueseBrazilian,Portuguese: Brazilian,braz1246,3.286542403285749,2.805379102495674
DalmatianVegliote,Dalmatian: Vegliote,dalm1243,6.24724867298063,4.414126264620977
Friulian,Friulian,friu1240,3.69414157276418,2.82978713335198
Ladin,Ladin,ladi1250,5.223351854606328,3.698804393111053
Italian,Italian,ital1282,1.2819948844444977,0.9941467572414484
Milanese,Milanese,mila1243,5.305438235931668,4.056799422753022
Neapolitan,Neapolitan,neap1235,4.3138404807709385,3.244843767651904
SardinianLogudoro,Sardinian: Logudoro,logu1236,2.5111937750727327,1.9525900518397885
SardinianNuoro,Sardinian: Nuoro,nuor1238,5.113837761651685,3.7110147734279395
MeglenoRomanian,Megleno-Romanian,megl1237,5.3869310637302386,3.8727720811667985
Romanian,Romanian,roma1327,4.663597971433347,3.505225632375267
Latin,Latin,lati1261,1.947552232874946,1.286641678103199
Oscan,Oscan,osca1245,4.866634415383615,3.59132413320834
Umbrian,Umbrian,umbr1253,3.870245704690602,2.7851845833764486
BretonGwened,Breton: Gwened,vann1244,4.580716059495575,3.5002048668623846
BretonTreger,Breton: Treger,treg1244,2.8576278823815735,2.2693771316617317
MiddleBreton,Middle Breton,midd1359,1.8327573585701404,1.4603700326556297
LateCornish,Late Cornish,corn1251,3.5103364146229956,2.741208751930899
MiddleCornish,Middle Cornish,midd1380,5.241085581728036,4.348689774373175
OldBreton,Old Breton,oldb1248,2.7433982160116153,2.130890222488772
MiddleWelsh,Middle Welsh,midd1363,1.5226825148629846,1.2096783060805971
WelshNorth,Welsh: North,nort2668,3.275024082754884,2.4866359424924664
OldWelsh,Old Welsh,oldw1241,3.712432773103925,3.0232327992721526
Gaulish,Gaulish,tran1282,4.667704887491928,3.52500135775432
GaelicIrish,Gaelic: Irish,iris1253,3.0147031891277076,2.318728711696488
GaelicManx,Gaelic: Manx,manx1243,5.113691086501228,3.9746696085452116
GaelicScottish,Gaelic: Scottish,scot1245,4.2389685157305355,3.195141773155373
OldIrish,Old Irish,oldi1245,2.389662591334783,1.7570055181167559
Danish,Danish,dani1285,3.69494339058792,2.939330279606769
NorwegianBokmal,Norwegian: Bokmål,norw1259,0.8892689128663877,0.6902832879437413
NorwegianNynorsk,Norwegian: Nynorsk,norw1262,1.150250119876696,0.9219215853698257
Elfdalian,Elfdalian,elfd1234,5.432394688084442,3.837297781003324
Swedish,Swedish,swed1254,2.302964992297997,1.8040922945484728
OldSwedish,Old Swedish,olds1252,3.092712904480247,2.484137861490351
Faroese,Faroese,faro1244,2.2724904518762545,1.7481939840700673
Icelandic,Icelandic,icel1247,3.1852165482491506,2.468787980092063
OldIcelandic,Old Icelandic,oldn1244,4.8505858830999875,4.184091992971191
Dutch,Dutch,dutc1256,2.2328447289048716,1.766215376738539
Flemish,Flemish,vlaa1240,2.6075067936346907,2.07295462672497
Frisian,Frisian,west2354,5.976952834253123,3.980678102083931
MiddleDutch,Middle Dutch,midd1321,0.35931344708319035,0.0
OldFrisian,Old Frisian,oldf1241,2.8677639111937756,2.2832346795770064
German,German,stan1295,0.9515268964135207,0.728858079394988
GermanBernese,German: Bernese,swis1247,4.7276530927404234,4.067634447802531
Luxembourgish,Luxembourgish,luxe1241,5.419290772644218,3.9668536412110273
MiddleHighGerman,Middle High German,midd1343,0.1062873918786311,0.0
OldHighGerman,Old High German,oldh1241,1.2282961622258637,0.9425080597979213
OldSaxon,Old Saxon,olds1250,4.063901268582316,3.3388231120280456
English,English,stan1293,4.455680907607278,2.389246954641772
OldEnglish,Old English,olde1238,0.8891418677377135,0.0
Gothic,Gothic,goth1244,5.166652523601261,3.9741933669516967
Belarusian,Belarusian,bela1254,4.1328802686013,3.5086430640632593
Ukrainian,Ukrainian,ukra1253,1.9237751875167368,1.569824794335617
Russian,Russian,russ1263,4.133548904476221,3.25681796076551
Rusyn,Rusyn,rusy1239,2.6168158448181966,2.043334731427905
OldNovgorod,Old Novgorod,oldr1238,3.31015135876554,2.6989174751070357
Czech,Czech,czec1258,2.350855669540839,1.8797138296196583
Slovak,Slovak,slov1269,2.7284268123725846,2.195411293147248
OldCzech,Old Czech,oldc1253,2.0868347673913,1.718817171384231
Kashubian,Kashubian,kash1274,4.767441550518324,3.8712796747296174
Polish,Polish,poli1260,1.7731922396691238,1.414396564413646
OldPolish,Old Polish,oldp1256,0.008346826216532103,0.0
Polabian,Polabian,pola1255,6.570610662405042,4.796429680830312
SorbianLower,Sorbian: Lower,lowe1385,3.8197673005966464,3.119547159647927
SorbianUpper,Sorbian: Upper,uppe1395,2.0045879701013156,1.6150161658991835
Bulgarian,Bulgarian,bulg1262,3.943232388447059,3.0986182493982364
MacedonianSuho,Macedonian: Suho,sout3278,2.69953170438194,2.284785343578836
MacedonianVisoka,Macedonian: Visoka,sout3278,1.700766046821534,1.3922944584463661
Macedonian,Macedonian,mace1250,2.706726011052245,2.1467800764966642
SerboCroatian,Serbo-Croat,croa1245,2.3412536426000856,1.813103627373064
Slovene,Slovene,slov1268,1.4017727097571853,1.1127498099516169
SloveneKostel,Slovene: Kostel,lowe1384,2.6090389572812165,2.1542940592774595
SloveneEarlyModern,Slovene: Early Modern,slov1268,2.964441320428241,2.4876675975605758
OldChurchSlavonic,Old Church Slavonic,chur1257,2.214048438230432,1.6940966476899668
Latgalian,Latgalian,east2282,2.6524189637714204,2.0829779403002635
Latvian,Latvian,latv1249,4.4084641300495795,3.471155983900336
Lithuanian,Lithuanian,lith1251,6.816289758900958,5.0722578655217765
OldPrussian,Old Prussian,prus1238,10.381702975628105,8.133616270133547
Assamese,Assamese,assa1263,5.470445865212112,3.820647688798031
Bengali,Bengali,beng1280,3.7724941751852,2.86746099842829
Bhojpuri,Bhojpuri,bhoj1244,2.601899709424185,2.0641680151871
Hindi,Hindi,hind1269,1.7908617907066844,1.4374018554324204
Urdu,Urdu,urdu1245,5.558561140611433,4.646320919417665
Punjabi,Punjabi,panj1256,5.3932302674181685,4.021476986000309
Magahi,Magahi,maga1260,3.6486943093726922,2.820443602792458
Maithili,Maithili,mait1250,3.971869920825603,3.001404337274748
Marathi,Marathi,mara1378,7.02313562258745,5.01175898872212
Nepali,Nepali,east1436,6.901239589652939,5.2428145691398145
Kashmiri,Kashmiri,kash1277,11.473726654801798,8.935732207099807
Gawarbati,Gawarbati,gawa1247,8.91177702164905,6.810873154054514
Gawri,Gawri,kala1373,6.4445681341862775,4.710678809271969
Palula,Palula,ashr1238,6.285397172953652,4.645226855628238
KalasalaNiseigram,Kalaṣa-alâ: Nišeigrâm,chim1297,5.4754410316859765,3.958344678233842
Kamviri,Kamviri,kamv1242,2.0458798813045997,1.6468556587233383
KatavariEastern,Kâta-vari: Eastern,east2308,2.4267755097912667,2.011105284869665
KatavariKtivi,Kâta-vari: Ktivi,west2372,1.4242478966199001,1.1371619828499024
SanuviriWama,Saṇu-viri: Wâmâ,ashk1246,4.9106244003014385,3.5855705801887012
VasiVariPaski,Vâsi-vari: Paṣki,lowe1390,7.1956632757166785,5.150102208289898
Khowar,Khowar,khow1242,9.928701360737831,7.448440554296625
PashaiNorthWest,Pashai: North-West,nort2665,9.773544120720402,7.357934739597832
Sinhalese,Sinhalese,sinh1246,14.740537810423351,11.752308540892699
Pali,Pali,pali1273,4.541683159025076,3.620014977650315
VedicEarly,Vedic: Early,vedi1234,3.6920383314652336,2.9347340849750925
AvestanYounger,Avestan: Younger,aves1237,4.665940978257241,3.696623302602013
Bactrian,Bactrian,bact1239,6.627524125935153,5.2030325627818526
OsseticDigor,Ossetic: Digor,digo1242,2.718306479700165,2.129730514635017
OsseticIron,Ossetic: Iron,iron1242,3.53426133411099,2.8039065212905627
Khotanese,Khotanese,khot1251,9.305590372344705,7.143507294209959
Khwarazmian,Khwarazmian,khwa1238,9.172657859164772,7.119212313835445
Sogdian,Sogdian,sogd1245,5.318916354277377,4.158940202696757
Yaghnobi,Yaghnobi,yagn1238,8.63880429986454,6.505889176697567
Pashto,Pashto,yusu1238,12.846531639085061,10.069846957895017
Sarikoli,Sarikoli,sari1246,8.144175917243532,5.913003942607173
Wakhi,Wakhi,wakh1245,8.170053697812751,5.9416671351400385
Bakhtiari,Bakhtiari,bakh1245,3.9054933388585664,2.981127040690982
Delvari,Delvari,sout2645,3.4557102931389356,2.6743036015054993
Lari,Lari,lari1253,5.205964071677178,3.7282756325603366
PersianTehran,Persian: Tehran,west2369,3.731082902028055,2.8581254586541323
Kumzari,Kumzari,kumz1235,6.331336488093235,4.347328588683896
Mazanderani,Mazanderani,maza1291,5.018819453407902,3.648805899599221
Tati,Tati,take1255,3.6547019857779293,2.805260177533664
RajiBarzoki,Raji: Barzoki,cent2264,4.434682347917911,3.3539201290459304
Hawrami,Hawrami,hawr1243,4.890727359498715,3.5273991885538933
KurdishCJafi,Kurdish C.: Jafi,cent1972,3.3977093644325485,2.6234363752890815
KurdishSElami,Kurdish S.: Elami,feyl1238,5.115762928225094,3.658665832369074
KurdishSQorveh,Kurdish S.: Qorveh,koly1245,4.596550450279571,3.4112784915370655
KurdishNBahdini,Kurdish N.: Bahdini,nort2641,6.487259308579555,4.592638842705958
BalochiSistani,Balochi: Sistani,west2368,7.041496592004651,5.257835863530662
MiddlePersian,Middle Persian,pahl1241,4.804263411980408,3.794388938379688
Parthian,Parthian,part1239,5.216488955863536,4.18910914078808
OldPersian,Old Persian,oldp1254,5.262503811426078,4.067205151897537
Hittite,Hittite,hitt1242,9.06265436221528,6.9464712580917745
Luvian,Luvian,cune1239,10.609814511149489,8.240392075570721
