lang,lang_sister,cherry,n_loans,p_loans,glottocode,area,glottocode_1,glottocode_2,median_distance,mean_distance,mean_distance_water,median_distance_water,area_sister,median_distance_sister,median_distance_water_sister,n_loans_sister,p_loans_sister,area_ratio,median_water_ratio
AlbanianGheg,AlbanianStandard,1,2,1.17647058823529,gheg1238,9719,gheg1238,alba1267,47.372,50.077,5296.499,4570.632,32612,103.564,2885.852,4,2.35294117647059,0.298019134061082,1.58380679258673
AlbanianStandard,AlbanianGheg,1,4,2.35294117647059,alba1267,32612,alba1267,gheg1238,103.564,105.467,3579.589,2885.852,9719,47.372,4570.632,2,1.17647058823529,3.35548924786501,0.63139014473272
AngloNorman,OldFrench,5,0,0,angl1258,254019,angl1258,oldf1239,404.083,413.904,2491.453,1239.632,74428,90.573,583.394,0,0,3.41294942763476,2.12486244287737
ArmenianEastern,ArmenianWestern,3,0,0,nucl1235,321306,nucl1235,homs1234,248.394,280.2,5066.697,4055.558,306391,392.049,1e+05,0,0,1.04867962831806,0.04055558
ArmenianWestern,ArmenianEastern,3,0,0,homs1234,306391,homs1234,nucl1235,392.049,382.779,1e+05,1e+05,321306,248.394,4055.558,0,0,0.953580076313545,24.6575193845089
Assamese,Bengali,32,1,0.588235294117647,assa1263,50307,assa1263,beng1280,339.914,400.596,8775.702,5454.429,97354,427.679,1764.752,0,0,0.516743020317604,3.09076232807783
Belarusian,Ukrainian,25,1,0.588235294117647,bela1254,243220,bela1254,ukra1253,212.627,229.867,1695.812,1208.379,659069,369.599,1831.507,0,0,0.369035715532061,0.65977307212039
Bengali,Assamese,32,0,0,beng1280,97354,beng1280,assa1263,427.679,466.692,2814.552,1764.752,50307,339.914,5454.429,1,0.588235294117647,1.93519788498618,0.323544774347599
BretonGwened,BretonTreger,15,2,1.17647058823529,vann1244,4664,vann1244,treg1244,71.301,72.835,976.248,815.326,2686,48.153,1429.817,0,0,1.73641102010424,0.570231015577518
BretonTreger,BretonGwened,15,0,0,treg1244,2686,treg1244,vann1244,48.153,48.763,1655.584,1429.817,4664,71.301,815.326,2,1.17647058823529,0.57590051457976,1.75367521702975
Czech,Slovak,26,0,0,czec1258,48779,czec1258,slov1269,178.847,173.847,996.673,748.634,44671,102.359,2223.639,0,0,1.09196122764209,0.336670655623507
Delvari,Lari,40,2,1.17647058823529,sout2645,37839,sout2645,lari1253,170.657,165.986,34297.678,30471.464,50957,129.001,1e+05,0,0,0.742567262593952,0.30471464
Dutch,Flemish,22,0,0,dutc1256,3144,dutc1256,vlaa1240,66.361,65.798,339.844,273.661,5012,76.405,318.767,0,0,0.627294493216281,0.858498527137376
Elfdalian,Swedish,20,0,0,elfd1234,15191,elfd1234,swed1254,37.766,40.217,1170.115,916.951,38690,84.208,721.11,1,0.588235294117647,0.392633755492375,1.27158269889476
Flemish,Dutch,22,0,0,vlaa1240,5012,vlaa1240,dutc1256,76.405,75.726,370.97,318.767,3144,66.361,273.661,0,0,1.5941475826972,1.16482436298925
FrancoProvencal,French,6,1,0.588235294117647,fran1269,49389,fran1269,stan1290,237.743,236.583,1351.936,1046.745,74428,260.964,964.966,0,0,0.663580910410061,1.08474806366235
French,FrancoProvencal,6,0,0,stan1290,74428,stan1290,fran1269,260.964,252.736,1072.549,964.966,49389,237.743,1046.745,1,0.588235294117647,1.50697523740104,0.921873044533291
Friulian,Ladin,10,2,1.17647058823529,friu1240,4757,friu1240,ladi1250,98.387,99.362,2233.483,2112.296,212,71.451,1617.508,9,5.29411764705882,22.438679245283,1.30589524132184
GaelicManx,GaelicScottish,18,1,0.588235294117647,manx1243,774,manx1243,scot1245,182.829,182.011,1333.717,1335.736,29917,352.98,1553.796,3,1.76470588235294,0.0258715780325567,0.859659826643909
GaelicScottish,GaelicManx,18,3,1.76470588235294,scot1245,29917,scot1245,manx1243,352.98,346.163,3626.135,1553.796,774,182.829,1335.736,1,0.588235294117647,38.6524547803618,1.16325082201872
German,GermanBernese,23,0,0,stan1295,36926,stan1295,swis1247,71.575,77.634,999.414,844.229,82076,124.09,908.16,0,0,0.449900092597105,0.929603814305849
GermanBernese,German,23,0,0,swis1247,82076,swis1247,stan1295,124.09,121.646,980.846,908.16,36926,71.575,844.229,0,0,2.22271570167362,1.07572708352828
GreekCappodocian,GreekPontic,2,12,7.05882352941176,capp1239,117094,capp1239,pont1253,393.15,378.612,7509.451,6215.544,50003,277.726,7355.029,0,0,2.34173949563026,0.845074030299541
GreekPontic,GreekCappodocian,2,0,0,pont1253,50003,pont1253,capp1239,277.726,315.366,7800.785,7355.029,117094,393.15,6215.544,12,7.05882352941176,0.427032982048611,1.18332828148268
Hawrami,KurdishCJafi,42,0,0,hawr1243,1498,hawr1243,cent1972,6.171,7.155,13060.899,10237.878,80644,130.102,10018.127,0,0,0.0185754674867318,1.02193533781315
Hindi,Urdu,33,0,0,hind1269,456157,hind1269,urdu1245,646.8,601.618,5482.159,3958.23,10427,1,7602.972,0,0,43.7476743070874,0.520616148527181
Italian,Milanese,11,1,0.588235294117647,ital1282,20749,ital1282,mila1243,56.686,59.552,1704.585,1355.951,32919,140.931,1250.767,0,0,0.630304687262675,1.08409559894049
Kashubian,Polish,27,2,1.17647058823529,kash1274,5489,kash1274,poli1260,23.133,25.918,669.86,618.553,45068,126.811,744.88,0,0,0.121793733913198,0.830406239931264
KatavariEastern,KatavariKtivi,35,0,0,east2308,2343,east2308,west2372,73.306,74.154,1e+05,1e+05,3197,88.604,1e+05,0,0,0.73287456990929,1
KatavariKtivi,KatavariEastern,35,0,0,west2372,3197,west2372,east2308,88.604,88.527,1e+05,1e+05,2343,73.306,1e+05,0,0,1.36448997012377,1
Khowar,PashaiNorthWest,36,17,10,khow1242,16117,khow1242,nort2665,295.823,298.558,7931.536,6993.459,9048,225.436,15588.444,14,8.23529411764706,1.78127763041556,0.448630985876461
KurdishCJafi,Hawrami,42,0,0,cent1972,80644,cent1972,hawr1243,130.102,131.939,11481.7,10018.127,1498,6.171,10237.878,0,0,53.8344459279039,0.97853549339033
KurdishSElami,KurdishSQorveh,43,1,0.588235294117647,feyl1238,11617,feyl1238,koly1245,179.039,177.831,1e+05,1e+05,6890,171.9,1e+05,4,2.35294117647059,1.68606676342525,1
KurdishSQorveh,KurdishSElami,43,4,2.35294117647059,koly1245,6890,koly1245,feyl1238,171.9,171.975,1e+05,1e+05,11617,179.039,1e+05,1,0.588235294117647,0.593096324352242,1
Ladin,Friulian,10,9,5.29411764705882,ladi1250,212,ladi1250,friu1240,71.451,71.296,1747.403,1617.508,4757,98.387,2112.296,2,1.17647058823529,0.0445659028799664,0.765758208129921
Lari,Delvari,40,0,0,lari1253,50957,lari1253,sout2645,129.001,128.646,1e+05,1e+05,37839,170.657,30471.464,2,1.17647058823529,1.34667935199133,3.28175895979268
Latgalian,Latvian,31,3,1.76470588235294,east2282,27243,east2282,latv1249,67.195,70.567,2872.511,1920.042,27621,69.872,1320.024,1,0.588235294117647,0.986314760508309,1.45455082634861
Latvian,Latgalian,31,1,0.588235294117647,latv1249,27621,latv1249,east2282,69.872,93.107,1578.783,1320.024,27243,67.195,1920.042,3,1.76470588235294,1.01387512388503,0.687497460993041
Mazanderani,Tati,41,5,2.94117647058824,maza1291,30195,maza1291,take1255,251.719,246.227,7607.672,6518.345,6333,112.612,6229.082,1,0.588235294117647,4.76788252013264,1.04643750074249
MeglenoRomanian,Romanian,13,11,6.47058823529412,megl1237,1512,megl1237,roma1327,287.201,287.013,5105.64,4154.949,307263,590.639,4125.948,7,4.11764705882353,0.00492086583806055,1.00702893007861
Milanese,Italian,11,0,0,mila1243,32919,mila1243,ital1282,140.931,130.304,1604.855,1250.767,20749,56.686,1355.951,1,0.588235294117647,1.5865342908092,0.922427875343578
OldFrench,AngloNorman,5,0,0,oldf1239,74428,oldf1239,angl1258,90.573,93.061,824.76,583.394,254019,404.083,1239.632,0,0,0.2930017045969,0.47061869974315
OsseticDigor,OsseticIron,37,3,1.76470588235294,digo1242,2308,digo1242,iron1242,16.782,17.201,6688.544,6416.945,10076,41.073,4691.109,1,0.588235294117647,0.22905915045653,1.36789509687368
OsseticIron,OsseticDigor,37,1,0.588235294117647,iron1242,10076,iron1242,digo1242,41.073,41.226,5612.367,4691.109,2308,16.782,6416.945,3,1.76470588235294,4.36568457538995,0.731050211588225
PashaiNorthWest,Khowar,36,14,8.23529411764706,nort2665,9048,nort2665,khow1242,225.436,227.206,17563.189,15588.444,16117,295.823,6993.459,17,10,0.561394800521189,2.22900341590621
Polish,Kashubian,27,0,0,poli1260,45068,poli1260,kash1274,126.811,119.937,925.134,744.88,5489,23.133,618.553,2,1.17647058823529,8.21060302423028,1.2042298719754
Romanian,MeglenoRomanian,13,7,4.11764705882353,roma1327,307263,roma1327,megl1237,590.639,597.423,5004.033,4125.948,1512,287.201,4154.949,11,6.47058823529412,203.21626984127,0.993020130933015
SardinianLogudoro,SardinianNuoro,12,0,0,logu1236,5746,logu1236,nuor1238,30.375,30.622,2323.767,1824.313,2474,14.209,2666.633,0,0,2.32255456750202,0.684126012090903
SardinianNuoro,SardinianLogudoro,12,0,0,nuor1238,2474,nuor1238,logu1236,14.209,15.16,3122.192,2666.633,5746,30.375,1824.313,0,0,0.430560389836408,1.46171901422618
Slovak,Czech,26,0,0,slov1269,44671,slov1269,czec1258,102.359,112.738,2457.88,2223.639,48779,178.847,748.634,0,0,0.915783431394658,2.97026183689226
Slovene,SloveneKostel,30,0,0,slov1268,2572,slov1268,lowe1384,71.89,71.678,2681.802,2318.915,192,51.12,14724.094,1,0.588235294117647,13.3958333333333,0.157491184177444
SloveneKostel,Slovene,30,1,0.588235294117647,lowe1384,192,lowe1384,slov1268,51.12,52.993,15060.657,14724.094,2572,71.89,2318.915,0,0,0.0746500777604977,6.34956175625238
SorbianLower,SorbianUpper,28,2,1.17647058823529,lowe1385,2212,lowe1385,uppe1395,19.545,20.825,905.573,869.003,2342,17.903,522.022,1,0.588235294117647,0.944491887275833,1.66468654577776
SorbianUpper,SorbianLower,28,1,0.588235294117647,uppe1395,2342,uppe1395,lowe1385,17.903,19.431,634.201,522.022,2212,19.545,869.003,2,1.17647058823529,1.05877034358047,0.600713691437199
Swedish,Elfdalian,20,1,0.588235294117647,swed1254,38690,swed1254,elfd1234,84.208,97.844,1190.46,721.11,15191,37.766,916.951,0,0,2.54690277137779,0.786421520888248
Tati,Mazanderani,41,1,0.588235294117647,take1255,6333,take1255,maza1291,112.612,112.925,7535.233,6229.082,30195,251.719,6518.345,5,2.94117647058824,0.209736711376056,0.955623244857399
TocharianA,TocharianB,4,2,1.17647058823529,tokh1242,23260,tokh1242,tokh1243,1,0.202,18166.896,18430.5,125685,266.514,23015.439,2,1.17647058823529,0.185065839201178,0.800788548938823
TocharianB,TocharianA,4,2,1.17647058823529,tokh1243,125685,tokh1243,tokh1242,266.514,301.214,24866.776,23015.439,23260,1,18430.5,2,1.17647058823529,5.40348237317283,1.24876910555872
Ukrainian,Belarusian,25,0,0,ukra1253,659069,ukra1253,bela1254,369.599,379.879,2358.003,1831.507,243220,212.627,1208.379,1,0.588235294117647,2.70976482197188,1.51567264906126
Urdu,Hindi,33,0,0,urdu1245,10427,urdu1245,hind1269,1,0,8098.631,7602.972,456157,646.8,3958.23,0,0,0.0228583579776261,1.92080096406727
