lang,lang_sister,cherry,n_loans,p_loans,glottocode,area,glottocode_1,glottocode_2,median_distance,mean_distance,mean_distance_water,median_distance_water,water_availability,area_sister,median_distance_sister,water_availability_sister,n_loans_sister,p_loans_sister,area_ratio,water_ratio
Adnyamathanha,Parnkala,1,5,1.3550135501355,adny1235,15151,adny1235,bang1339,124.09,123.913,35094.678,34727.937,2.87952607147381e-05,65641,243.837,6.10303770767951e-05,4,1.09289617486339,0.230816105787541,0.471818495869766
Alngith,Linngithigh,40,0,0,alng1239,232,alng1239,leni1238,15.124,15.082,793.002,509.987,0.00196083429577617,2989,58.682,0.000792534326643023,0,0,0.0776179324188692,2.47413169355297
Alyawarr,Antekerrepenhe,3,4,1.14613180515759,alya1239,53512,alya1239,east2379,99.672,103.367,13583.073,11161.008,8.9597642076773e-05,29747,65.618,4.32444961648619e-05,3,1.80722891566265,1.79890409116886,2.07188544260518
Antekerrepenhe,Alyawarr,3,3,1.80722891566265,east2379,29747,east2379,alya1239,65.618,69.291,22516.432,23124.33,4.32444961648619e-05,53512,99.672,8.9597642076773e-05,4,1.14613180515759,0.555894005082972,0.482652167651992
Arabana,Wangkangurru,25,11,2.9023746701847,arab1267,46109,arab1267,wang1290,127.103,123.941,15890.104,14489.069,6.90175469521196e-05,93346,184.93,1.48038674096945e-05,11,3.47003154574133,0.493957962847899,4.66212949914173
Awabakal,Karree,69,0,0,awab1243,7772,awab1243,awab1243,1,0,1125.545,925.577,0.00108040714062687,7772,1,0.00108040714062687,0,0,1,1
Balkurra,Ngarrindjeri,88,0,0,yara1254,6961,yara1254,narr1259,43.869,43.916,5205.597,3294.843,0.000303504597942907,4371,27.252,0.000317663016718605,0,0,1.59254175245939,0.95542943927829
Bandjalang,Githabul,78,1,0.25706940874036,band1358,5099,band1358,gida1240,30.677,30.703,1934.744,1059.801,0.000943573368962664,5914,34.275,0.000116666075558551,1,0.282485875706215,0.862191410213054,8.08781271200914
Barna,Belyando,52,0,0,biri1256,3624,biri1256,biri1256,137.514,136.637,12180.647,11457.503,8.72790519889019e-05,4497,132.418,0.000124821614310449,0,0,0.805870580386925,0.699230277312605
Bayali,GoorengGooreng,83,0,0,baya1257,4765,baya1257,gure1255,68.458,68.63,4440.295,2986.578,0.000334831368877692,16702,109.407,9.33676303762249e-05,0,0,0.285295174230631,3.58616115165919
Belyando,Barna,52,0,0,biri1256,4497,biri1256,biri1256,132.418,134.967,10824.79,8011.433,0.000124821614310449,3624,137.514,8.72790519889019e-05,0,0,1.2408940397351,1.43014402042681
Bibbulman,Pinjarra,7,0,0,bibb1234,8571,bibb1234,nyun1247,444.72,447.79,2519.269,1563.264,0.000639687218537624,16456,508.105,0.000223322307910992,0,0,0.520843461351483,2.86441253684598
Bigambal,GlenInnes,86,0,0,biga1237,25120,biga1237,yuga1244,114.566,115.706,9478.886,7414.504,0.000134870788389891,5072,78.734,0.000545393362235546,0,0,4.95268138801262,0.247290850473612
Bindjali,HOPKINSRIVER,91,0,0,warr1257,6845,warr1257,warr1257,2000.472,2001.811,5708.087,3156.076,0.000316849150654167,14746,2013.841,0.000521931019508738,0,0,0.464193679641937,0.607070932385659
Biri,Gangulu,53,5,1.58227848101266,biri1256,4497,biri1256,gang1268,335.644,338.545,10824.79,8011.433,0.000124821614310449,43053,415.672,9.91124971443212e-05,1,0.392156862745098,0.104452651383179,1.25939329455791
Birrpayi,Iyora,71,0,0,sydn1236,5193,sydn1236,sydn1236,218.791,221.138,670.926,557.86,0.00179256444269171,2942,237.626,0.00241953240116815,0,0,1.76512576478586,0.740872261857814
Bularnu,Warluwarra,98,4,1.46520146520147,bula1255,18122,bula1255,warl1256,43.687,49.169,9282.556,8707.045,0.000114849527020935,43538,79.554,9.59724766292624e-05,3,1.03092783505155,0.416234094354357,1.1966923336218
CentralAnmatyerr,WesternArrarnta,4,4,2.01005025125628,anma1239,27632,anma1239,west2441,65.426,65.908,26420.61,25408.289,3.93572349558839e-05,50274,120.263,1.02110915470001e-05,5,2.10970464135021,0.549628038349843,3.85436118898049
ChampionBay,Nhanta,6,0,0,nhan1238,11499,nhan1238,nhan1238,1,0,15067.257,10510.374,9.51440928743354e-05,11499,1,9.51440928743354e-05,2,0.625,1,1
Coonambella,Wulguru,58,1,0.409836065573771,wulg1239,5409,wulg1239,wulg1239,1,0,22202.292,21305.065,4.69371954509409e-05,5409,1,4.69371954509409e-05,1,0.350877192982456,1,1
DawsonRiver,WakaWaka,84,0,0,waka1274,26481,waka1274,waka1274,1,0,8295.945,5509.795,0.000181494955801441,26481,1,0.000181494955801441,0,0,1,1
Dharawala,Tambo,54,0,0,bidy1243,18157,bidy1243,bidy1243,116.894,112.999,12715.951,12140.7,8.23675735336513e-05,17642,111.368,5.29732255836736e-05,1,1.0752688172043,1.02919170162113,1.55489065704613
Dharumbal,Mbabaram,61,2,0.896860986547085,dhar1248,6718,dhar1248,mbab1239,756.94,755.604,4294.594,3503.782,0.000285405884270197,3321,717.661,0.000212185562215353,4,1.92307692307692,2.02288467329118,1.3450768341181
Djabugay,Yidiny,48,2,0.518134715025907,dyaa1242,2071,dyaa1242,yidi1250,33.174,33.326,3108.901,2474.93,0.000404051831768979,1923,23.968,0.000470180450555119,2,0.649350649350649,1.07696307852314,0.859354810035031
Duungidjawu,UpperBrisbaneRiver,85,1,0.335570469798658,duun1241,1464,duun1241,waka1274,6.945,7.77,1662.299,1537.74,0.000650304993041737,26481,123.645,0.000181494955801441,0,0,0.0552849212643027,3.5830471991364
Gangulu,Biri,53,1,0.392156862745098,gang1268,43053,gang1268,biri1256,415.672,418.151,11718.739,10089.545,9.91124971443212e-05,4497,335.644,0.000124821614310449,5,1.58227848101266,9.57371581054036,0.79403313033442
Githabul,Bandjalang,78,1,0.282485875706215,gida1240,5914,gida1240,band1358,34.275,34.613,11676.187,8571.472,0.000116666075558551,5099,30.677,0.000943573368962664,1,0.25706940874036,1.15983526181604,0.123642823543027
GlenInnes,Bigambal,86,0,0,yuga1244,5072,yuga1244,biga1237,78.734,80.218,2282.823,1833.539,0.000545393362235546,25120,114.566,0.000134870788389891,0,0,0.201910828025478,4.0438212658689
GoorengGooreng,Bayali,83,0,0,gure1255,16702,gure1255,baya1257,109.407,106.712,13407.963,10710.35,9.33676303762249e-05,4765,68.458,0.000334831368877692,0,0,3.50514165792235,0.278849710793765
Gudjal,GuguBadhun,60,3,1.875,gudj1237,10518,gudj1237,gugu1253,57.997,59.864,12872.268,11417.203,8.75871261989473e-05,21331,71.373,7.68813067177425e-05,0,0,0.493085181191693,1.13925126845866
GuguBadhun,Gudjal,60,0,0,gugu1253,21331,gugu1253,gudj1237,71.373,74.277,15051.942,13007.063,7.68813067177425e-05,10518,57.997,8.75871261989473e-05,3,1.875,2.02804715725423,0.87776948570173
Gumbaynggir,Yaygirr,87,1,0.328947368421053,kumb1268,9158,kumb1268,yayg1236,48.883,46.619,846.185,547.34,0.00182701794131618,2535,20.525,0.000838619431147668,1,0.373134328358209,3.61262327416174,2.1786019658713
Gundungurra,Ngunawal,74,2,0.687285223367698,nort2760,27052,nort2760,nort2760,45.066,50.763,1246.028,1044.491,0.000957404132730679,9916,1,0.00106589581081628,0,0,2.72811617587737,0.898215494437003
Gunggari,Guwamu,56,2,1.08108108108108,kung1258,16573,kung1258,guwa1243,50.192,52.804,15840.9,14313.626,6.9863499297802e-05,38712,86.617,0.000382251015067571,3,1.26582278481013,0.42811014672453,0.182768642969992
Gunya,Margany,57,4,1.3840830449827,guny1241,23370,guny1241,marg1253,56.193,54.913,5745.314,3386.341,0.000295303987401151,30271,104.84,0.000141964228421579,2,0.655737704918033,0.772026031515312,2.08012955576535
GuuguYimidhirr,KukuYalanji,49,0,0,gugu1255,5840,gugu1255,kuku1273,49.396,51.329,5125.734,3854.016,0.000259469602617114,9534,79.672,0.000127161798256027,1,0.304878048780488,0.612544577302287,2.04046817657218
Guwa,Yanda,27,5,2.84090909090909,guwa1242,26401,guwa1242,yand1251,88.55,88.704,13251.025,13162.087,7.59757932005768e-05,14237,65.169,5.93468745888374e-05,5,4.71698113207547,1.85439348177285,1.28019872532373
Guwamu,Gunggari,56,3,1.26582278481013,guwa1243,38712,guwa1243,kung1258,86.617,82.976,3700.63,2616.082,0.000382251015067571,16573,50.192,6.9863499297802e-05,2,1.08108108108108,2.3358474627406,5.47139806779757
HOPKINSRIVER,Bindjali,91,0,0,warr1257,14746,warr1257,warr1257,2013.841,2013.379,2737.957,1915.962,0.000521931019508738,6845,2000.472,0.000316849150654167,0,0,2.15427319211103,1.64725396432706
Ikarranggal,Walangama,37,0,0,gurd1238,4368,gurd1238,wala1263,307.403,307.02,9752.422,8746.831,0.000114327120302199,4014,308.822,0.000151015724210252,0,0,1.0881913303438,0.757054412049347
Injinoo,Yadhaykenu,43,0,0,angg1238,892,angg1238,yadh1237,21.841,21.023,1370.402,784.076,0.00127538656966927,4253,40.032,0.000271873146164985,0,0,0.209734305196332,4.69110902514552
Iyora,Birrpayi,71,0,0,sydn1236,2942,sydn1236,sydn1236,237.626,234.949,665.864,413.303,0.00241953240116815,5193,218.791,0.00179256444269171,0,0,0.566531869824764,1.34976034531566
Janday,Yagara,81,0,0,jand1248,555,jand1248,yaga1256,9.199,9.452,783.281,415.217,0.00240837923302755,6585,70.828,0.000694222678866473,0,0,0.0842824601366743,3.46917395000686
Jaru,JaruMcC,17,5,1.27226463104326,jaru1254,38792,jaru1254,jaru1254,1,0,9391.773,8635.513,0.000115800879461359,38792,1,0.000115800879461359,28,14.5833333333333,1,1
JaruMcC,Jaru,17,28,14.5833333333333,jaru1254,38792,jaru1254,jaru1254,1,0,9391.773,8635.513,0.000115800879461359,38792,1,0.000115800879461359,5,1.27226463104326,1,1
Jiwarli,Warriyangga,10,1,0.290697674418605,djiw1241,10755,djiw1241,wari1262,73.326,70.118,34435.991,38255.876,2.61397752334831e-05,5050,37.406,8.46690941295954e-05,1,0.314465408805031,2.12970297029703,0.30872865125347
Jiwarliny,WalmajarriNW,19,0,0,walm1241,34458,walm1241,walm1241,61.084,67.131,151359.721,164102.836,6.0937399034347e-06,55877,122.315,1.44356070299789e-05,7,5.93220338983051,0.616675913166419,0.422132570579097
Kalkatungu,Yalarnnga,62,0,0,kalk1246,29081,kalk1246,yala1262,78.445,77.003,14675.363,13809.853,7.24120669495903e-05,19562,67.295,5.80244440736038e-05,4,1.2987012987013,1.48660668643288,1.24795796160901
Karajarri,KarajarriNW,20,31,7.94871794871795,kara1476,15664,kara1476,kara1476,1,0,47547.781,50398.936,1.98416887213651e-05,15664,1,1.98416887213651e-05,8,5.33333333333333,1,1
KarajarriNW,Karajarri,20,8,5.33333333333333,kara1476,15664,kara1476,kara1476,1,0,47547.781,50398.936,1.98416887213651e-05,15664,1,1.98416887213651e-05,31,7.94871794871795,1,1
Kariyarra,Ngarluma,12,0,0,kari1304,15755,kari1304,ngar1287,59.838,57.931,9871.06,8505.241,0.000117574563730763,11593,58.423,0.000141103448723501,5,1.27877237851662,1.35900974726128,0.833250815585355
Karree,Awabakal,69,0,0,awab1243,7772,awab1243,awab1243,1,0,1125.545,925.577,0.00108040714062687,7772,1,0.00108040714062687,0,0,1,1
Kartujarra,Warnman,23,3,0.890207715133531,kart1247,39661,kart1247,wanm1242,96.559,95.455,37481.399,38013.779,2.63062506887305e-05,26112,58.051,2.21464508474362e-05,1,0.286532951289398,1.51888020833333,1.18783144396141
Karuwali,Mithaka,31,1,0.917431192660551,karr1236,37833,karr1236,mith1236,111.595,114.436,10023.646,8409.063,0.000118919313602479,12337,64.311,0.000162867988003795,4,1.98019801980198,3.06662884007457,0.73015768819903
Katthang,SteeleGDG,70,0,0,wori1245,8971,wori1245,wori1245,38.251,39.461,1106.157,895.115,0.00111717488814286,3495,17.074,0.00117500390688799,0,0,2.56680972818312,0.950783977477754
Kayardild,Lardil,68,0,0,kaya1319,429,kaya1319,lard1243,36.947,36.968,2029.245,1200.211,0.000833186831315494,1505,47.372,0.000836780170318236,0,0,0.285049833887043,0.9957057550714
Keramin,YithaYitha,89,0,0,nort2756,5941,nort2756,yith1234,140.484,139.308,4687.659,3014.161,0.000331767281177084,5361,141.542,0.000176150770967887,0,0,1.10818877075173,1.88342792571465
KKY,KLY,50,0,0,kala1377,1834,kala1377,kala1377,1,0,4791.849,2409.934,0.000414949123088018,1834,1,0.000414949123088018,0,0,1,1
KLY,KKY,50,0,0,kala1377,1834,kala1377,kala1377,1,0,4791.849,2409.934,0.000414949123088018,1834,1,0.000414949123088018,0,0,1,1
KukuYalanji,GuuguYimidhirr,49,1,0.304878048780488,kuku1273,9534,kuku1273,gugu1255,79.672,77.236,14237.246,7863.997,0.000127161798256027,5840,49.396,0.000259469602617114,0,0,1.63253424657534,0.490083605067499
Kungkari,Pirriya,33,2,1.01010101010101,kuun1236,26717,kuun1236,pirr1240,70.9,76.51,8417.901,5629.896,0.000177623174566635,21990,63.395,0.000203330637169084,4,2.40963855421687,1.21496134606639,0.873568179589818
Kurnu,Paakantyi,34,1,0.386100386100386,darl1243,49352,darl1243,darl1243,198.721,192.141,7582.191,5462.139,0.000183078460654333,32177,167.223,9.91672725787021e-05,6,1.56657963446475,1.53376635484974,1.8461580710414
Kurrama,Yindjibarndi,13,0,0,kurr1243,3468,kurr1243,yind1247,17.31,18.575,32433.664,31600.497,3.1645071911369e-05,13628,49.796,5.82937285741401e-05,4,1.08108108108108,0.254476078661579,0.542855512683867
KuukThaayorre,YirYoront,46,0,0,thay1249,1159,thay1249,yiry1245,9.81,11.995,341.411,1,1,1764,13.16,0.00183390673483909,1,0.302114803625378,0.65702947845805,545.284
KuukuYau,Umpila,45,0,0,kuuk1238,5255,kuuk1238,umpi1239,69.716,71.391,5168.696,4429.945,0.000225736436908359,2739,53.001,0.000129427387352873,3,0.917431192660551,1.91858342460752,1.74411646194253
LakeHindmarsh,MathiMathi,94,0,0,wotj1234,19331,wotj1234,west2443,200.015,199.728,16942.579,9958.42,0.000100417536115167,9904,149.649,6.65823024506415e-05,0,0,1.95183764135703,1.50817157741891
Lardil,Kayardild,68,0,0,lard1243,1505,lard1243,kaya1319,47.372,47.306,1659.302,1195.057,0.000836780170318236,429,36.947,0.000833186831315494,0,0,3.50815850815851,1.00431276499782
Linngithigh,Alngith,40,0,0,leni1238,2989,leni1238,alng1239,58.682,59.103,2617.43,1261.775,0.000792534326643023,232,15.124,0.00196083429577617,0,0,12.8836206896552,0.404182203641695
MangalaMcK,NorthernMangarla,22,25,12.8205128205128,mang1383,17594,mang1383,mang1383,1,0,NA,1e+05,1e-05,17594,1,1e-05,9,3.6,1,1
Margany,Gunya,57,2,0.655737704918033,marg1253,30271,marg1253,guny1241,104.84,99.64,7477.258,7044.028,0.000141964228421579,23370,56.193,0.000295303987401151,4,1.3840830449827,1.29529311082585,0.480739287237359
MathiMathi,LakeHindmarsh,94,0,0,west2443,9904,west2443,wotj1234,149.649,153.492,19752.283,15019.006,6.65823024506415e-05,19331,200.015,0.000100417536115167,0,0,0.512337695928819,0.663054532370518
MayiThakurti,Wanamara,64,0,0,mayk1239,18451,mayk1239,wunu1234,41.912,41.643,4653.587,2001.093,0.00049972689924956,17763,38.369,0.000140284997389296,0,0,1.03873219613804,3.562226243358
Mbabaram,Dharumbal,61,4,1.92307692307692,mbab1239,3321,mbab1239,dhar1248,717.661,716.203,6064.372,4712.856,0.000212185562215353,6718,756.94,0.000285405884270197,2,0.896860986547085,0.494343554629354,0.743451953550034
Mbakwithi,Thaynakwith,41,1,0.469483568075117,angu1242,1335,angu1242,alng1239,96.506,93.593,3244.865,1774.4,0.000563570784490532,232,66.058,0.00196083429577617,0,0,5.75431034482759,0.287413773669973
Minjungbal,TweedRiverandPointDangar,79,1,0.476190476190476,minj1242,8384,minj1242,yuga1244,190.219,189.811,1240.059,912.922,0.00109538383344908,5072,187.582,0.000545393362235546,0,0,1.65299684542587,2.00842897859839
Mithaka,Karuwali,31,4,1.98019801980198,mith1236,12337,mith1236,karr1236,64.311,66.904,8896.952,6139.942,0.000162867988003795,37833,111.595,0.000118919313602479,1,0.917431192660551,0.326090978775143,1.36956717180716
Mudburra,MudburraMcC,16,6,1.66666666666667,mudb1240,33955,mudb1240,mudb1240,1,0,43923.602,39432.923,2.5359520013264e-05,33955,1,2.5359520013264e-05,73,37.4358974358974,1,1
MudburraMcC,Mudburra,16,73,37.4358974358974,mudb1240,33955,mudb1240,mudb1240,1,0,43923.602,39432.923,2.5359520013264e-05,33955,1,2.5359520013264e-05,6,1.66666666666667,1,1
MuliarraTribe,Wajarri,5,4,3.84615384615385,waja1257,95773,waja1257,waja1257,1,0,19175.819,15826.542,6.31849964445802e-05,95773,1,6.31849964445802e-05,3,0.859598853868195,1,1
Narrungga,Nukunu,2,1,0.377358490566038,naru1238,7789,naru1238,nugu1241,108.01,112.226,9360.201,6799.893,0.000147061137579665,9022,90.129,9.21945766540283e-05,5,2.3696682464455,0.86333407226779,1.59511701140003
NewNorciaandLeschenaultBay,Watjuk,8,0,0,nyun1247,16456,nyun1247,nyun1247,540.812,542.056,8236.439,4477.833,0.000223322307910992,7282,441.417,0.000222364486078983,0,0,2.25981873111782,1.00430744067499
Ngamini,Yarluyandi,30,4,1.06666666666667,ngam1265,17630,ngam1265,yarl1238,68.324,65.612,6706.658,2982.348,0.000335306275458129,11337,39.451,0.000841721083934743,2,0.873362445414847,1.55508511952016,0.398357938107826
Ngarla,Nyamal,15,1,0.33003300330033,ngar1296,7328,ngar1296,nyam1271,25.757,27.354,7038.831,4881.878,0.000204839203273822,45014,115.026,7.68409457737288e-05,5,1.39275766016713,0.162793797485227,2.66575588328918
Ngarluma,Kariyarra,12,5,1.27877237851662,ngar1287,11593,ngar1287,kari1304,58.423,56.319,7736.093,7086.999,0.000141103448723501,15755,59.838,0.000117574563730763,0,0,0.735829895271342,1.20011883732452
Ngarrindjeri,Balkurra,88,0,0,narr1259,4371,narr1259,yara1254,27.252,28.368,4929.387,3147.99,0.000317663016718605,6961,43.869,0.000303504597942907,0,0,0.627927021979601,1.04664976699418
Ngiyambaa,Wiradjuri,77,1,0.294117647058824,wang1291,65743,wang1291,wira1262,73.735,79.732,13750.406,10669.178,9.37279329297908e-05,130464,124.78,0.000268903441345571,2,0.520833333333333,0.503916789305862,0.348556093074837
Ngunawal,Gundungurra,74,0,0,nort2760,9916,nort2760,nort2760,1,6.063,1619.07,938.178,0.00106589581081628,27052,45.066,0.000957404132730679,2,0.687285223367698,0.366553304746414,1.11331858133531
Nhanta,ChampionBay,6,2,0.625,nhan1238,11499,nhan1238,nhan1238,1,0,15067.257,10510.374,9.51440928743354e-05,11499,1,9.51440928743354e-05,0,0,1,1
NorthernMangarla,MangalaMcK,22,9,3.6,mang1383,17594,mang1383,mang1383,1,0,NA,1e+05,1e-05,17594,1,1e-05,25,12.8205128205128,1,1
NorthernNyangumarta,Nyangumarta,21,11,3.19767441860465,nyan1301,68095,nyan1301,nyan1301,1,0,59197.78,50218.676,1.99129104877237e-05,68095,1,1.99129104877237e-05,19,5.26315789473684,1,1
Nukunu,Narrungga,2,5,2.3696682464455,nugu1241,9022,nugu1241,naru1238,90.129,90.339,12880.187,10846.625,9.21945766540283e-05,7789,108.01,0.000147061137579665,1,0.377358490566038,1.15830016690204,0.626913256427691
Nyamal,Ngarla,15,5,1.39275766016713,nyam1271,45014,nyam1271,ngar1296,115.026,108.743,14101.109,13013.895,7.68409457737288e-05,7328,25.757,0.000204839203273822,1,0.33003300330033,6.14274017467249,0.375128122671959
Nyangumarta,NorthernNyangumarta,21,19,5.26315789473684,nyan1301,68095,nyan1301,nyan1301,1,0,59197.78,50218.676,1.99129104877237e-05,68095,1,1.99129104877237e-05,11,3.19767441860465,1,1
Nyawaygi,Wargamay,59,0,0,nyaw1247,2734,nyaw1247,warr1255,21.518,22.336,8794.112,5598.337,0.00017862447366066,2518,20.307,0.000579220913118601,1,0.332225913621262,1.0857823669579,0.308387472922763
Olkola,UwOykangand,38,0,0,oyka1239,3969,oyka1239,oyka1239,72.349,73.483,2624.681,880.588,0.001135604845853,4722,61.576,0.000668851134471852,0,0,0.840533672172808,1.69784394063966
Paakantyi,Kurnu,34,6,1.56657963446475,darl1243,32177,darl1243,darl1243,167.223,163.169,10870.585,10083.972,9.91672725787021e-05,49352,198.721,0.000183078460654333,1,0.386100386100386,0.651989787647917,0.541665427075759
Panyjima,Yinhawangka,14,0,0,pany1241,18009,pany1241,pany1241,58.446,56.278,23071.26,20616.512,4.85048101250105e-05,9819,42.875,1.72166698270734e-05,2,0.60790273556231,1.83409715857012,2.81731662465503
Parnkala,Adnyamathanha,1,4,1.09289617486339,bang1339,65641,bang1339,adny1235,243.837,232.646,20384.173,16385.283,6.10303770767951e-05,15151,124.09,2.87952607147381e-05,5,1.3550135501355,4.33245330341232,2.11945909020918
Pinjarra,Bibbulman,7,0,0,nyun1247,16456,nyun1247,bibb1234,508.105,515.423,8236.439,4477.833,0.000223322307910992,8571,444.72,0.000639687218537624,0,0,1.91996266479991,0.349111724354169
Pirriya,Kungkari,33,4,2.40963855421687,pirr1240,21990,pirr1240,kuun1236,63.395,68.13,6590.033,4918.098,0.000203330637169084,26717,70.9,0.000177623174566635,2,1.01010101010101,0.823071452633155,1.14473034087568
PittaPitta,Wangkayutyuru,26,3,0.928792569659443,pitt1247,38881,pitt1247,wang1289,77.068,79.798,13331.443,8957.792,0.00011163465282516,57090,89.898,6.22436998949887e-05,7,2.31023102310231,0.681047468908741,1.79350927103465
Purduna,Thalanyji,11,0,0,burd1238,12592,burd1238,dhal1245,37.773,38.11,51011.005,41849.922,2.38949071398508e-05,15597,43.809,2.73311032792924e-05,2,0.584795321637427,0.807334743860999,0.874275249545268
SteeleGDG,Katthang,70,0,0,wori1245,3495,wori1245,wori1245,17.074,18.224,1243.852,851.061,0.00117500390688799,8971,38.251,0.00111717488814286,0,0,0.389588674618214,1.05176362211404
Tambo,Dharawala,54,1,1.0752688172043,bidy1243,17642,bidy1243,bidy1243,111.368,109.592,19096.131,18877.461,5.29732255836736e-05,18157,116.894,8.23675735336513e-05,0,0,0.971636283527014,0.643132039843706
Thalanyji,Purduna,11,2,0.584795321637427,dhal1245,15597,dhal1245,burd1238,43.809,48.422,35736.525,36588.351,2.73311032792924e-05,12592,37.773,2.38949071398508e-05,0,0,1.23864358322745,1.14380454041233
Thaynakwith,Mbakwithi,41,0,0,alng1239,232,alng1239,angu1242,66.058,65.782,793.002,509.987,0.00196083429577617,1335,96.506,0.000563570784490532,1,0.469483568075117,0.173782771535581,3.47930437442523
TweedRiverandPointDangar,Minjungbal,79,0,0,yuga1244,5072,yuga1244,minj1242,187.582,185.308,2282.823,1833.539,0.000545393362235546,8384,190.219,0.00109538383344908,1,0.476190476190476,0.604961832061069,0.497901599038799
Umpila,KuukuYau,45,3,0.917431192660551,umpi1239,2739,umpi1239,kuuk1238,53.001,53.485,8830.641,7726.34,0.000129427387352873,5255,69.716,0.000225736436908359,0,0,0.521217887725975,0.573356207466925
UpperBrisbaneRiver,Duungidjawu,85,0,0,waka1274,26481,waka1274,duun1241,123.645,113.843,8295.945,5509.795,0.000181494955801441,1464,6.945,0.000650304993041737,1,0.335570469798658,18.0881147540984,0.279092053334108
UwOykangand,Olkola,38,0,0,oyka1239,4722,oyka1239,oyka1239,61.576,62.111,2317.915,1495.101,0.000668851134471852,3969,72.349,0.001135604845853,0,0,1.18972033257748,0.588982282802299
Wadikali,Yardliyawarra,35,1,1.72413793103448,yarl1236,16583,yarl1236,yarl1236,158.945,158.105,6185.399,3693.325,0.000270758733661403,19557,222.067,4.0482525798704e-05,2,2.94117647058824,0.847931686864038,6.68828657104371
Wadjabangayi,Yiningay,55,0,0,bidy1243,11731,bidy1243,bidy1243,78.84,75.981,24332.06,20353.113,4.91325331903773e-05,39635,142.093,0.000314870284463261,1,0.900900900900901,0.295975778983222,0.156040552617184
Wajarri,MuliarraTribe,5,3,0.859598853868195,waja1257,95773,waja1257,waja1257,1,0,19175.819,15826.542,6.31849964445802e-05,95773,1,6.31849964445802e-05,4,3.84615384615385,1,1
WakaWaka,DawsonRiver,84,0,0,waka1274,26481,waka1274,waka1274,1,0,8295.945,5509.795,0.000181494955801441,26481,1,0.000181494955801441,0,0,1,1
Wakaya,Yindjilandji,99,1,0.289855072463768,waga1260,44575,waga1260,yind1248,100.383,100.029,21714.165,9973.865,0.000100262034828023,11203,48.762,7.61036803054863e-05,0,0,3.97884495224493,1.31744002951714
Walangama,Ikarranggal,37,0,0,wala1263,4014,wala1263,gurd1238,308.822,310.294,6808.256,6621.827,0.000151015724210252,4368,307.403,0.000114327120302199,0,0,0.918956043956044,1.32090901800968
WalmajarriNW,Jiwarliny,19,7,5.93220338983051,walm1241,55877,walm1241,walm1241,122.315,124.432,79497.151,69273.152,1.44356070299789e-05,34458,61.084,6.0937399034347e-06,0,0,1.62159730686633,2.36892405300108
Wanamara,MayiThakurti,64,0,0,wunu1234,17763,wunu1234,mayk1239,38.369,38.985,9715.686,7128.346,0.000140284997389296,18451,41.912,0.00049972689924956,0,0,0.962712048127473,0.280723326280739
Wangkangurru,Arabana,25,11,3.47003154574133,wang1290,93346,wang1290,arab1267,184.93,190.213,78714.928,67549.916,1.48038674096945e-05,46109,127.103,6.90175469521196e-05,11,2.9023746701847,2.02446377063046,0.214494256365915
Wangkayutyuru,PittaPitta,26,7,2.31023102310231,wang1289,57090,wang1289,pitt1247,89.898,91.494,24503.591,16065.883,6.22436998949887e-05,38881,77.068,0.00011163465282516,3,0.928792569659443,1.46832643193334,0.55756611696973
Wangkumara,WangkumaraMcDWur,32,1,0.277777777777778,wong1246,43210,wong1246,wong1246,1,0,7776.93,5549.15,0.000180207779569844,43210,1,0.000180207779569844,1,0.892857142857143,1,1
WangkumaraMcDWur,Wangkumara,32,1,0.892857142857143,wong1246,43210,wong1246,wong1246,1,0,7776.93,5549.15,0.000180207779569844,43210,1,0.000180207779569844,1,0.277777777777778,1,1
Wargamay,Nyawaygi,59,1,0.332225913621262,warr1255,2518,warr1255,nyaw1247,20.307,19.918,2800.904,1726.457,0.000579220913118601,2734,21.518,0.00017862447366066,0,0,0.920994879297732,3.24267386908565
Warlmanpa,Warlpiri,18,3,1.00334448160535,warl1255,32637,warl1255,warl1254,94.813,95.562,52422.023,48530.087,2.06057738985714e-05,151320,209.964,2.34413511576054e-05,2,0.533333333333333,0.215681998413957,0.879035246732609
Warlpiri,Warlmanpa,18,2,0.533333333333333,warl1254,151320,warl1254,warl1255,209.964,208.026,44811.935,42659.657,2.34413511576054e-05,32637,94.813,2.06057738985714e-05,3,1.00334448160535,4.63645555657689,1.13761081107614
Warluwarra,Bularnu,98,3,1.03092783505155,warl1256,43538,warl1256,bula1255,79.554,96.104,13434.294,10419.654,9.59724766292624e-05,18122,43.687,0.000114849527020935,4,1.46520146520147,2.40249420593753,0.835636672772436
Warnman,Kartujarra,23,1,0.286532951289398,wanm1242,26112,wanm1242,kart1247,58.051,58.896,46611.927,45153.962,2.21464508474362e-05,39661,96.559,2.63062506887305e-05,3,0.890207715133531,0.658379768538363,0.841870288148801
Warriyangga,Jiwarli,10,1,0.314465408805031,wari1262,5050,wari1262,djiw1241,37.406,37.473,16846.481,11810.685,8.46690941295954e-05,10755,73.326,2.61397752334831e-05,1,0.290697674418605,0.469549046954905,3.23909036605413
Watjuk,NewNorciaandLeschenaultBay,8,0,0,nyun1247,7282,nyun1247,nyun1247,441.417,441.595,6251.745,4497.121,0.000222364486078983,16456,540.812,0.000223322307910992,0,0,0.442513368983957,0.995711033792508
WesternArrarnta,CentralAnmatyerr,4,5,2.10970464135021,west2441,50274,west2441,anma1239,120.263,118.593,100414.786,97932.723,1.02110915470001e-05,27632,65.426,3.93572349558839e-05,4,2.01005025125628,1.81941227562247,0.259446365031635
Wiradjuri,Ngiyambaa,77,2,0.520833333333333,wira1262,130464,wira1262,wang1291,124.78,130.225,5451.952,3718.807,0.000268903441345571,65743,73.735,9.37279329297908e-05,1,0.294117647058824,1.98445461874268,2.86897868052846
Wulguru,Coonambella,58,1,0.350877192982456,wulg1239,5409,wulg1239,wulg1239,1,0,22202.292,21305.065,4.69371954509409e-05,5409,1,4.69371954509409e-05,1,0.409836065573771,1,1
YabulaYabula,YortaYorta,97,0,0,yort1237,5588,yort1237,yort1237,33.973,33.761,3488.098,2423.884,0.000412560997143428,6254,44.423,0.00109437567509299,0,0,0.89350815478094,0.37698297443277
Yadhaykenu,Injinoo,43,0,0,yadh1237,4253,yadh1237,angg1238,40.032,38.123,7314.384,3678.186,0.000271873146164985,892,21.841,0.00127538656966927,0,0,4.76793721973094,0.213169208952456
Yagara,Janday,81,0,0,yaga1256,6585,yaga1256,jand1248,70.828,70.389,2502.245,1440.46,0.000694222678866473,555,9.199,0.00240837923302755,0,0,11.8648648648649,0.2882530580509
Yalarnnga,Kalkatungu,62,4,1.2987012987013,yala1262,19562,yala1262,kalk1246,67.295,70.425,18220.931,17234.116,5.80244440736038e-05,29081,78.445,7.24120669495903e-05,0,0,0.672672879199477,0.801309043063189
Yanda,Guwa,27,5,4.71698113207547,yand1251,14237,yand1251,guwa1242,65.169,66.829,20321.174,16850.087,5.93468745888374e-05,26401,88.55,7.59757932005768e-05,5,2.84090909090909,0.539259876519829,0.781128726516368
Yardliyawarra,Wadikali,35,2,2.94117647058824,yarl1236,19557,yarl1236,yarl1236,222.067,213.263,30812.712,24702.016,4.0482525798704e-05,16583,158.945,0.000270758733661403,1,1.72413793103448,1.179340288247,0.149515124595499
Yarluyandi,Ngamini,30,2,0.873362445414847,yarl1238,11337,yarl1238,ngam1265,39.451,40.008,3119.093,1188.042,0.000841721083934743,17630,68.324,0.000335306275458129,4,1.06666666666667,0.643051616562677,2.51030519123061
Yaygirr,Gumbaynggir,87,1,0.373134328358209,yayg1236,2535,yayg1236,kumb1268,20.525,23.375,1623.515,1192.436,0.000838619431147668,9158,48.883,0.00182701794131618,1,0.328947368421053,0.276807163136056,0.459009959444364
Yidiny,Djabugay,48,2,0.649350649350649,yidi1250,1923,yidi1250,dyaa1242,23.968,24.068,2823.223,2126.843,0.000470180450555119,2071,33.174,0.000404051831768979,2,0.518134715025907,0.928536938676968,1.16366370249238
Yindjibarndi,Kurrama,13,4,1.08108108108108,yind1247,13628,yind1247,kurr1243,49.796,50.658,18296.651,17154.504,5.82937285741401e-05,3468,17.31,3.1645071911369e-05,0,0,3.92964244521338,1.84211079492593
Yindjilandji,Wakaya,99,0,0,yind1248,11203,yind1248,waga1260,48.762,51.591,12119.879,13139.969,7.61036803054863e-05,44575,100.383,0.000100262034828023,1,0.289855072463768,0.251329220415031,0.759047833370079
Yinhawangka,Panyjima,14,2,0.60790273556231,pany1241,9819,pany1241,pany1241,42.875,41.047,54686.603,58083.242,1.72166698270734e-05,18009,58.446,4.85048101250105e-05,0,0,0.545227386306847,0.354947680089896
Yiningay,Wadjabangayi,55,1,0.900900900900901,bidy1243,39635,bidy1243,bidy1243,142.093,137.597,5366.378,3175.911,0.000314870284463261,11731,78.84,4.91325331903773e-05,0,0,3.37865484613417,6.4085904800229
YirYoront,KuukThaayorre,46,1,0.302114803625378,yiry1245,1764,yiry1245,thay1249,13.16,13.782,853.621,545.284,0.00183390673483909,1159,9.81,1,0,0,1.52200172562554,0.00183390673483909
YithaYitha,Keramin,89,0,0,yith1234,5361,yith1234,nort2756,141.542,141.556,6523.507,5676.955,0.000176150770967887,5941,140.484,0.000331767281177084,0,0,0.902373337821916,0.530946783971337
YortaYorta,YabulaYabula,97,0,0,yort1237,6254,yort1237,yort1237,44.423,44.183,1384.427,913.763,0.00109437567509299,5588,33.973,0.000412560997143428,0,0,1.11918396564066,2.65263968884711
